LegendID;location_lat;location_uncertain;location_long;location_title;location_modern_title;location_other_title;ID;Country
5;31.20009005;0;29.91873190;"Alexandria ad Aegyptum";Alexandria;NA;1;Egypt
5;36.85291990;0;10.32172450;Carthago;Carthage;Qartaj;2;Tunisia
5;41.89363823;0;12.49981866;Roma;Rome;NA;3;Italy
5;35.18549596;0;33.89333844;Salamis-Konstantia;Salamis-Constantia;NA;4;Cyprus
5;44.41835980;0;12.20352940;Ravenna;Ravenna;NA;5;Italy
5;45.18332769;0;9.14999694;Ticinum;Pavia;NA;6;Italy
5;45.46327487;0;9.18661949;Mediolanum;Milan;NA;7;Italy
5;41.12976130;0;14.78262080;Benevento;Benevento;NA;9;Italy
5;37.50787720;0;15.08303040;Catania;Catania;NA;10;Italy
5;40.85177460;0;14.26812440;Neapolis;Naples;NA;11;Italy
5;37.07547390;0;15.28658610;Syracusae;Syracuse;NA;12;Italy
5;40.12087520;0;9.01289260;Sardinia;Sardinia;NA;13;Italy
5;51.43092090;0;-0.09364960;Londinium;London;NA;14;"United Kingdom"
5;51.28023300;0;1.07890890;Durovernum;Canterbury;NA;15;"United Kingdom"
5;53.95996510;0;-1.08729790;Eburacum;York;NA;16;"United Kingdom"
5;49.74999200;0;6.63714330;"Colonia Augusta Treverorum";Trier;NA;17;Germany
5;49.89406536;0;2.29575251;Ambianum;Amiens;NA;18;France
5;40.64006290;0;22.94441910;Thessalonika;Thessaloniki;NA;19;Greece
5;43.83762110;0;10.49506090;Lucca;Lucca;NA;20;Italy
5;43.72283860;0;10.40168880;Pisa;Pisa;NA;21;Italy
5;43.93034750;0;10.90785870;Pistoia;Pistoia;NA;22;Italy
5;40.76725807;0;29.91694217;Nikomedia;Izmit;NA;52;Turkey
5;40.38000000;0;27.89000000;Kyzikos;Kyzikos;Cyzicus;53;Turkey
5;44.983333;0;19.616667;Sirmium;Srem;NA;54;Serbia
5;36.20066300;0;36.16531800;Antioch;Antakya;Hatay;66;Turkey
5;45.48316266;0;16.37138283;Siscia;Siscia;NA;67;Croatia
5;40.97101281;0;27.95296653;Heraclea;"Marmara Ereğlisi";NA;68;Turkey
5;41.64884331;0;-0.88920320;Cesaragusta;Zaragoza;NA;69;Spain
5;41.90427900;0;-1.72215100;Tirazona;Tarazona;Tirasona;70;Spain
5;42.30704666;0;-1.96712517;Calagorre;Calahorra;NA;71;Spain
5;42.50333924;0;-3.01943126;Lebea;Herramélluri;NA;72;Spain
5;41.11888284;0;1.24449050;Tarracona;Tarragona;NA;73;Spain
5;41.97894467;0;2.82058540;Gerunda;Gerona;NA;74;Spain
5;41.38526570;0;2.17362252;Barcinona;Barcelona;NA;75;Spain
5;42.26051656;0;3.20809453;Rodas;Rosas;NA;76;Spain
5;40.81259129;0;0.52146725;Dertosa;Tortosa;NA;77;Spain
5;39.67986330;0;-0.27843850;Sagunto;Sagunto;NA;78;Spain
5;42.59115713;0;0.32959130;Cestavi;"Gist'in (doubts)";NA;79;Spain
5;42.44472409;0;0.06640920;Volotania;Boltaña;NA;80;Spain
5;42.14394601;0;0.28724408;Labeclosa;"Puebla de Castro";NA;81;Spain
5;39.86385823;0;-4.02363523;Toleto;Toledo;NA;82;Spain
5;40.33190181;0;-2.88920310;Recopoli;"Zorita de los Canes";NA;83;Spain
5;39.46990750;0;-0.37628809;Valentia;Valencia;NA;84;Spain
5;39.78679490;0;-3.47382076;Mentesa;"La Guardia";NA;85;Spain
5;37.30117206;0;-3.14033047;Acci;Guadix;NA;86;Spain
5;38.09690974;0;-3.63698028;Castilona;Linares;NA;87;Spain
5;37.99670611;0;-3.46764561;Beatia;Baeza;NA;88;Spain
5;37.67359250;0;-1.69683570;Iliocrici;Lorca;NA;89;Spain
5;38.08552550;0;-0.94805488;Aorariola;Orihuela;NA;90;Spain
5;42.72421360;0;-4.27404171;Mave;"Santa María de Mave";NA;91;Spain
5;42.51799971;0;-4.74197917;Saldania;Saldaña;NA;92;Spain
5;42.74477601;1;-4.28849698;Oliovasio;"Monte Cildá (doubts)";NA;93;Spain
5;37.39050639;0;-5.98402741;Ispali;Sevilla;NA;94;Spain
5;37.43519377;0;-6.04275127;Italica;Santiponce;NA;95;Spain
5;37.47126906;0;-5.64187632;Karmona;Carmona;NA;96;Spain
5;37.20140644;0;-4.77885459;Roda;"Roda de Andalucia (doubts)";NA;97;Spain
5;37.88681566;0;-4.77938202;Cordoba;Cordoba;NA;98;Spain
5;37.71822639;0;-3.97001355;Tucci;Martos;NA;100;Spain
5;37.17825301;0;-3.59918434;Eliberri;Granada;NA;101;Spain
5;36.68508477;0;-6.12567330;Asidona;"Jerez de la Frontera";NA;102;Spain
5;37.01988103;1;-4.55993000;Barbi;"Antequera (doubts)";NA;103;Spain
5;36.72211316;0;-4.42165868;Malaka;Malaga;NA;104;Spain
5;38.91424160;0;-6.34914940;Emerita;Merida;NA;105;Spain
5;39.96288285;0;-4.83045525;Elvora;"Talavera de la Reina";NA;106;Spain
5;38.72225241;1;-9.13933661;Olisipona;"Lisboa (doubts)";NA;107;Portugal
5;41.09518019;0;-7.81222466;Lameco;Lamego;NA;108;Portugal
5;40.20698276;0;-8.43884824;Eminio;Coimbra;NA;109;Portugal
5;40.65653291;0;-7.91253355;Veseo;Viseu;NA;110;Portugal
5;40.51706452;1;-8.08025689;Totela;"Tondela (doubts)";NA;111;Portugal
5;40.95380608;1;-7.79254168;Coleia;"Almofala (doubts)";NA;112;Portugal
5;40.70973649;1;-7.42734406;Caliabria;"Aldeia Nova - Castelo de Calabre (doubts)";NA;113;Portugal
5;40.00275742;0;-7.15258443;Egitania;Idanha-a-Velha;NA;114;Portugal
5;40.29982495;1;-7.43938339;Monecipio;"Terlamonte (doubts, other locations Monsanto and Covilha Velha)";NA;115;Portugal
5;40.97002703;0;-5.66374442;Salmantica;Salamanca;NA;116;Spain
5;41.54546520;0;-8.42647707;Bracara;Braga;NA;117;Portugal
5;41.80611311;0;-6.75673801;Bergancia;"Betanzos - Bragança";NA;118;Portugal
5;41.74177813;0;-7.47314202;Flavas;Chaves;NA;119;Portugal
5;41.51304694;1;-7.12686472;Laetera;"Vilar de Ledra (around this area, doubts)";NA;120;Portugal
5;41.49954120;1;-6.27123110;Palantucio;"Miranda do Douro Area (oppidum plançoulo?)";NA;121;Portugal
5;41.29144238;0;-7.67996443;Panonias;"Vale de Nogueiras";NA;122;Portugal
5;41.37824240;1;-6.61041400;Turico;"Vila Morta de Santa Cruz da Vilariça (doubts, other location Guimaraes)";NA;123;Portugal
5;40.92556025;1;-7.11995526;Aliobrio;"Cidadelhe (doubts, around this area)";NA;125;Portugal
5;41.20516741;0;-8.33038674;Cepis;"Casteloes de Cepeda";NA;126;Portugal
5;41.25339876;1;-8.70642665;"Laurencio / Laure";"Lavra (Laurencio sure here, Laure could be a different mint)";NA;127;Portugal
4;41.58553248;1;-6.94060038;Nandolas;Tras-os-Montes;"area of Tras-os-Montes or Alto Douro but no concrete location has been accepted";128;Portugal
5;41.21912424;1;-8.28017512;Palentiaca;"concelho de Penafiel";NA;129;Portugal
5;41.31120436;0;-8.60925724;Toriviana;Alvarelhos;NA;130;Portugal
5;43.00973839;0;-7.55675822;Luco;Lugo;NA;132;Spain
5;42.68787414;0;-7.33001547;Inceio;Incio;NA;133;Spain
5;42.33579014;0;-7.86387967;Aurense;Orense;NA;134;Spain
5;41.95589799;0;-6.71751327;Calapa;Calabor;NA;135;Spain
5;42.34101280;1;-6.80761389;Cassavio;"Casaio (doubts)";NA;136;Spain
5;42.38296620;0;-7.12615221;Georres;Petin;NA;137;Spain
5;42.16184398;0;-7.09792190;Pincia;Pinza;NA;138;Spain
5;42.05437971;0;-6.63493927;Senabria;"Puebla de Sanabria";NA;139;Spain
5;42.61734688;0;-6.41617241;Susarres;Bembibre;NA;140;Spain
5;42.45515713;0;-6.05375717;Astorica;Astorga;NA;141;Spain
5;42.59864426;0;-6.72581189;Bergio;Cacabelos;NA;142;Spain
5;42.45957004;1;-6.76010596;Fraucello;"Ancient Frogelos its location must be around the area Las Medulas";NA;143;Spain
5;42.59908319;0;-5.56753824;Leione;León;NA;144;Spain
5;43.16255691;0;-6.54629429;Pesicos;"Cangas de Narcea";NA;145;Spain
5;43.01916935;0;-6.60470327;Petra;"Piedrafita occidental";NA;146;Spain
5;41.50347309;0;-5.74678896;Semure;Zamora;NA;147;Spain
5;41.98540457;0;-5.67040705;Ventosa;"Around Benavente";NA;148;Spain
5;42.63409707;0;-8.56400476;Conteno;Cuntis;NA;149;Spain
5;42.77014604;0;-8.26320075;Mertia;Merza;NA;150;Spain
5;42.66678426;0;-8.72159883;Catora;Catoira;NA;151;Spain
5;42.04916415;0;-8.64661103;Tude;Tui;NA;152;Spain
5;41.95107033;1;-8.19191393;Tornio;"around La Burgueria";NA;153;Portugal
5;40.28142761;1;-8.45399688;Adonis;"Adoes (lots of doubts)";NA;154;Portugal
5;43.32316950;1;-3.00915030;Amiasios;"Amaia (los of doubts)";NA;155;Spain
4;42.45492842;1;-6.05324993;Asturie;Astorga;"Probably same mint then Asturica (not in the map)";156;Spain
4;42.04915186;1;-8.64661070;Decrinos;Tui;"Probably very close to Tude, but still unknown (not in the map)";157;Spain
4;42.84102862;1;-2.51268038;Tulluco;Alegría-Dulantzi;"Unknown location, maybe around Álava (not in the map)";158;Spain
4;38.70576401;1;-9.33056729;Vallesalsa;"Río Sousa";"Unknown, probably in the Gallaecia (not in the map)";159;Portugal
4;42.81923553;1;-2.82779590;"Valle.../ Vallegia";"Iruña Oka";"Unknown, could be in the Gallaecia or Tarraconensis (not in the map)";160;Spain
5;44.20314200;0;0.61636300;Agenno;Agen;NA;161;France
5;44.15551400;0;3.09749600;Agaciaco;Aguessac;NA;162;France
5;46.30007500;0;2.48388300;Atura;Aire;NA;163;France
5;35.67752600;0;10.10062000;al-Qayrawan;Kairouan;NA;164;Tunisia
5;47.01433900;0;5.97329500;Alisia;Alaise;NA;165;France
5;45.78560600;0;5.94395900;Albenno;Albens;NA;166;France
5;43.92508500;0;2.14864100;Albigia;Albi;NA;167;France
5;45.57252100;0;2.21729100;Elariaco;Alleyrat;NA;168;France
4;42.64222216;1;-4.16385394;Amiasio;Amaya;NA;169;Spain
5;45.73495500;0;7.31307600;Agusta;Aoste;NA;170;Italy
5;45.76816490;0;13.36871908;Aquileia;Aquileia;Aquilea;171;Italy
5;53.95905600;0;-1.08153600;"Archbishops of York";"York (uncertain)";NA;172;"United Kingdom"
5;45.09230600;0;1.93778200;Argentate;Argentat;NA;173;France
5;43.67664700;0;4.62777700;Arelato;Arles;NA;174;France
5;46.00420000;0;3.14470000;Artona;Artonne;NA;175;France
5;45.32994600;0;3.13238000;Actriaco;Autrac;NA;176;France
5;46.95103100;0;4.29894800;Augusteduno;Autun;NA;177;France
5;46.87957500;0;7.04094100;Aventeco;Avenches;NA;178;Switzerland
5;44.43469300;0;3.20149400;Bannaciaco;Banassac;NA;179;France
5;45.34484400;0;1.81318200;Barro;Bar-sur-Corrèze;Bar;180;France
5;44.43204600;0;-0.21260100;Vasatis;Bazas;NA;181;France
5;47.23795300;0;6.02432500;Vesoncione;Besancon;NA;182;France
5;45.12471300;0;1.72182400;"Biaenate Pago";Beynat;NA;183;France
5;45.72205000;0;3.33905800;Billiomago;Billom;NA;184;France
5;44.84122500;0;-0.58003600;Burdegala;Bordeaux;NA;185;France
5;45.05471300;0;6.03066200;Auseno;Bourg-d'Oisans;NA;186;France
5;45.58722600;0;5.28281200;Bregusia;Bourgoin;Bourgoin-Jallieu;187;France
5;45.29529000;0;3.38433000;Brivate;Brioude;"Brioude (including Church of St. Julien)";188;France
5;44.44950000;0;1.43650000;Cadurca;Cahors;NA;189;France
5;44.40488900;0;3.07543200;Cannaco;Canac;NA;190;France
5;42.34000400;1;-6.80535900;Cassavio;Casaio;Casavio;191;Spain
5;44.85528800;0;-0.52398600;Sanonno;Cenon;NA;192;France
5;46.78890000;0;4.85296000;Cabilonno;Chalon-Sur-Saone;NA;193;France
5;45.58341900;0;1.72043800;Cambarisio;Chamberet;NA;194;France
5;45.56662000;0;5.44240500;Cantoliano;Chantilin;"Chantilin, Saint-Jean-de-Soudain";195;France
5;45.72872500;0;3.00556600;Catiriaco;Chatrat;NA;196;France
5;45.03476000;0;3.08766300;Cassoriaco;Chazerat;NA;197;France
5;44.60611500;0;33.52247800;Chersonesus;Sevastopol;Cherson;198;Russia
5;43.12235300;0;0.21366500;Begorra;Cieutat;NA;199;France
5;45.77745500;0;3.08194300;Arvernus;Clermont-Ferrand;NA;200;France
5;41.02345500;0;28.95518800;Constantinople;Istanbul;Kostantinopolis;201;Turkey
5;45.21144700;0;1.69157500;Cornilio;Cornil;NA;202;France
5;46.60335400;0;1.88833400;"Dia Vocontiorum";Die;"Die (Dia Vocontiorum)";204;France
5;47.32158100;0;5.04147000;Divione;Dijon;NA;205;France
5;45.16893100;0;2.38356900;Trusciaco;Drugeac;NA;206;France
5;37.47181500;0;-4.43356200;Egaboro;Cabra;NA;207;Spain
5;38.91305700;1;-9.03800600;Elissa;"Around Lisbon (uncertain)";"Elissa (?)";208;Portugal
5;45.22998100;0;1.89681000;Espaniaco;Espagnac;NA;209;France
5;39.93689800;1;-0.10102800;Ewesis;"Vila Real (exact location uncertain)";NA;210;Spain
5;42.96412700;0;1.60523200;"Castro Fusci";Foix;NA;211;France
5;46.19839200;0;6.14229600;Genava;Geneva;NA;212;Switzerland
5;46.52755900;0;5.42166400;Gaciaco;Gizia;NA;213;France
5;45.18852900;0;5.72452400;Gracinoble;Grenoble;NA;214;France
5;37.17825700;0;32.16866300;Isauria;Dereköy/Konya;"Zengibar Kalesi";215;Turkey
5;44.69374400;0;3.34261000;Gavalorum;Javols;NA;216;France
5;45.31725900;0;1.32240000;Juliaco;Juillac;NA;217;France
5;45.49362900;0;1.06247400;Gemeliaco;Jumillac-le-Grand;Jumilhac-le-Grand;218;France
4;53.95996084;1;-1.08730016;"Kings of Northumbria";NA;NA;220;"United Kingdom"
5;44.87444500;0;1.48280400;Lanticiaco;Lanzac;NA;221;France
5;49.28074500;0;-0.69865900;Laure;"Lavra (?)";NA;222;France
5;41.34824600;1;-8.41102300;Laurentio;"Around Porto (uncertain)";NA;223;Portugal
5;46.51996200;0;6.63359700;Lausonna;Lausanne;NA;224;Switzerland
5;43.02686500;0;0.57097600;Cummonigo;"Le Pays de Cominges";Saint-Bertrand-de-Comminges;225;France
5;45.04276800;0;3.88293600;Anicio;"Le Puy";NA;226;France
5;45.06433200;0;1.16138000;Lintiniaco;Lentignac;Montignac;227;France
5;45.82842200;0;3.37952800;Ledoso;Lezoux;NA;228;France
5;45.75759262;0;4.83231639;Lugdunum;Lyons;NA;229;France
5;46.30345000;0;4.83250700;Matascone;Mâcon;Macon;230;France
5;46.16705200;0;2.63126400;Marciliaco;Marcillat;NA;231;France
5;43.29648200;0;5.36978000;Masilia;Marseilles;NA;232;France
5;45.21997900;0;2.33661100;Mauriaco;Mauriac;NA;233;France
5;45.50000000;0;6.50000000;Darantasia;Moutiers-Tarentaise;NA;234;France
5;43.18427700;0;3.00307800;Narbo;Narbonne;NA;235;France
5;45.38981200;0;2.27326900;"Novo Vico";"Neuvic d'Ussel";NA;236;France
3;40.67126786;1;-4.10887974;"No mint";NA;NA;237;Spain
5;43.19441300;0;-0.60529200;Helorone;Oloron;NA;238;France
5;47.14266700;0;5.85569300;Oxsello;Osselle;NA;239;France
5;45.18402900;0;0.72111500;Petrocoris;Perigueux;NA;240;France
5;41.14824600;0;-8.61102300;Portocale;Porto;Portocolae;241;Portugal
5;45.89399500;0;3.11493200;Ricomago;Riom;NA;242;France
5;44.35100100;0;2.57330100;Rutenus;Rodez;NA;243;France
5;45.66899700;0;3.10913900;Telemate;Saint-Amant-Tallende;Saint-Armand-Tallende;244;France
5;45.85163300;0;3.17900600;Cariaco;Saint-Beauzire;NA;245;France
5;43.02686500;0;0.57097600;Conbenas;Saint-Bertrand-de-Comminges;Saint-Bertrand-de-Cominges;246;France
5;45.27747700;0;6.34534200;Maurienna;Saint-Jean-de-Maurienne;NA;247;France
5;43.00128000;0;1.13614500;Conserannis;Saint-Lizier;NA;248;France
5;46.21483500;0;7.00528800;Acauno;Saint-Maurice;"Saint-Maurice (Swiss)";249;Switzerland
5;45.13585000;0;3.81311500;Vellaos;Saint-Paulien;NA;250;France
5;43.54415900;0;16.49192100;Salona;Solin;NA;251;Croatia
5;45.28542400;0;0.95012400;Sagraciaco;Sarrazac;NA;252;France
5;36.59227100;0;33.94924900;"Seleukeia Isauriae";Silifke;Seleucia;253;Turkey
3;37.58779775;1;14.15505038;Sicily;NA;Siciliae;254;Italy
5;46.23117500;0;7.35888000;Sidunis;Sion;NA;255;Switzerland
5;44.19634700;0;5.94437900;Sisteron;Sisteron;NA;256;France
5;45.13721200;0;7.05397900;Sicusio;Suse;NA;257;Italy
5;35.76513400;0;-5.82832400;Tanja;Tangier;NA;258;Morocco
5;45.99556100;0;2.99921800;Tasgunnago;Tazanat;Charbonnières-les-Vieilles;259;France
5;34.89620000;0;-1.31540100;Tilmisan;Tlemcen;NA;261;Algeria
5;43.60446200;0;1.44424700;Tholosa;Toulouse;NA;263;France
5;32.89667200;0;13.17779200;Tripoli;NA;NA;264;Libya
3;52.68887338;1;-1.25244105;"Uncertain mint (England)";NA;NA;265;"United Kingdom"
3;40.27009002;1;-4.63623033;Unknown;NA;NA;266;Spain
4;37.33836474;1;-4.51263383;"Unknown (Malaka or Cordoba?)";"Malaga or Cordoba";NA;267;Spain
4;38.91914223;0;-6.34079437;"Unknown (Emerita?)";Mérida;NA;268;Spain
4;39.83991251;1;-4.01549986;"Unknown (Toleto?)";Toledo;NA;269;Spain
5;45.23309200;0;7.21158700;Oxxello;Ussel;NA;270;Italy
5;45.52736600;0;3.33770400;Icciomo;Usson;NA;271;France
5;45.42433200;0;1.56372800;Userca;Uzerche;NA;272;France
5;44.01214100;0;4.41967800;Ucece;Uzes;NA;273;France
5;44.93322800;1;4.89208100;Valentia;"Valence? (But maybe Gap=Vapincum)";Valence;274;France
5;41.08668000;1;-8.24837500;Vallearitia;"Varzea do Douro (doubts)";NA;275;Portugal
5;42.81855000;1;-1.64441600;Vallegia;Iruña;Valle…;276;Spain
5;45.05400200;0;2.93355000;Valligoli;Valuejols;Vallegoles;277;France
5;45.75421200;0;3.09410500;Vindicco;Vendeix;NA;278;France
5;43.99619700;1;5.14651800;Venasque;Vendesca?;NA;279;France
5;49.71666700;0;3.35250000;Vendogilo;Vendeuil;NA;280;France
5;46.04610000;0;3.18610000;Vindiciaco;Vensat;NA;281;France
5;46.61211700;0;0.46540700;Vienna;Vienne;NA;282;France
5;44.48302100;0;4.68984000;Vivarios;Viviers;NA;283;France
5;46.31451400;0;3.39804800;Vorocio;Vouroux;NA;284;France
5;45.20804900;0;1.37502000;Isandone;Yssandon;NA;285;France
5;46.41670000;0;5.73333000;"Antro Vico";"Antre near Vilard d-Heria";NA;286;France
5;46.39350000;0;5.56614000;Argentao;Arinthod;NA;287;France
5;47.09810000;0;5.26423400;"Latona Vico";Losne;NA;288;France
5;46.53750000;0;5.40307000;Cocciaco;Cuisia;NA;289;France
5;46.46760000;0;5.45265000;Gredaca;Graye-et-Charnay;NA;290;France
5;47.53640100;0;4.49155200;Alisia;Alize-Sainte-Reine;Alise-Sainte-Reine;291;France
5;47.02390600;0;4.83804300;Beleno;Beaune;NA;292;France
5;46.94619900;0;5.90464100;Cluciaco;Clucy;NA;293;France
5;33.51306905;0;36.30958039;Dimashq;Damascus;NA;329;Syria
5;34.00862342;0;36.20711855;Heliopolis;Baalbek;"Ba'labaak / بعلبك";330;Lebanon
5;31.65860200;0;36.32185400;Amman;Amman;Philadelphia;331;Jordan
5;32.62243400;0;36.11097000;Adraa;Daraa;Adhri'at;332;Syria
5;32.51913800;0;36.48057300;Busra;Bostra;Bosra;333;Syria
5;34.73332595;0;36.71666094;Hims;Homs;"Emesa / حمص";334;Syria
5;34.89362000;0;35.88516900;Tartus;Tartous;NA;335;Syria
5;32.78923701;0;35.52138059;Tiberias;Tabariya;"Ṭabarīyya / طبرية";336;Israel
5;32.49675200;0;35.49730200;Baysan;Beit-Shean;Scythopolis;337;Israel
5;32.23526000;0;35.90377400;Jerash;Jarash;NA;338;Jordan
5;32.92817500;0;35.07563700;Akka;Acre;NA;339;Israel
5;32.73944800;0;35.27584000;Sephoris;Saffuriya;NA;340;Israel
5;31.79681300;0;35.21376900;"Iliya (Ayla)";Jerusalem;"Aelia Capitolina";341;Israel
5;31.94272600;0;34.88477800;Ludd;Lod;NA;342;Israel
5;31.87618000;0;34.73809200;Yubna;Yavne;NA;343;Israel
5;31.92799900;0;34.86234700;al-Ramla;Ramla;NA;344;Israel
5;31.66448700;0;34.57301600;Askalon;Ashkelon;Asqalan;345;Israel
5;31.61136700;0;34.89536000;"Bayt Jabrin";"Beit Guvrin";Eleutheropolis;346;Israel
5;32.22049900;0;35.25688800;Baniyas/Nabulus;Nablus;"Neapolis (Palestine)";347;Palestine
5;31.50450400;0;34.46543100;Ghazza;Gaza;NA;348;Palestine
5;32.51149700;0;34.90578600;Qaysariya;Caesarea;NA;349;Israel
5;35.98333110;0;37.01666232;"Chalcs ad Belum";Qinnasrin;"Qinnasrīn / قنسرين";350;Syria
4;36.19923830;0;37.16371653;Bercea;Aleppo;"Halab / حلب";351;Syria
5;36.01030924;0;36.67364961;"Maʿarrat Miṣrīn";"Ma'arrat Misrin";"Maarrat Misrin / Nasrin / معرة مصرين";352;Syria
5;36.52692400;0;37.95592900;Manbij;Manbij;"Hierapolis Bambyce/Euphratensis";353;Syria
5;35.90344200;0;36.72574800;Sarmin;Sarmin;NA;354;Syria
5;36.73333300;0;36.88333300;Qurus;"Ash Shaykh Khurus";Cyrrhus;355;Syria
5;36.98941000;0;38.37052300;Tanukh/Saruj?;Suruç;NA;356;Turkey
4;32.89060807;0;36.38482328;Carrhae;Harran;"Hellonopolis / Ḥarrān / حران";357;Syria
5;37.16038800;0;38.79091600;al-Ruha;Sanliurfa;Edessa;358;Turkey
5;37.19099600;0;41.34555400;Nisibin;Nusaybin;Nisibis;359;Turkey
5;38.75638747;1;35.62777706;"al-Madina ma'din amir al-mu'minin";al-Rusafa;Sergiopolis;360;Turkey
5;47.86556400;0;5.33141600;Lingonas;Langres;NA;361;France
5;48.24238300;0;5.29803100;Andelao;Andelot;NA;362;France
5;48.08406400;0;5.54858100;"Mosa Vico";Meuvy;NA;363;France
5;47.85646600;0;3.97330300;Ternodero;Tonnerre;NA;364;France
5;49.44045900;0;1.09396600;Rotomo;Rouen;NA;365;France
5;49.43178300;0;0.81755700;Gemedico;Jumièges;NA;366;France
5;49.15213000;0;2.11309800;Menoiovilla;Ménouville;NA;367;France
5;49.27786000;0;1.72361100;Nivialcha;Néaufles-Saint-Martin;NA;368;France
5;49.30309900;0;1.93637900;Velcassino?;"Le Vexin";NA;369;France
5;49.27604900;0;-0.70228900;Baiocas;Bayeux;NA;370;France
5;49.09992000;0;-0.50114400;Apraricia(co);Evrecy;NA;371;France
5;50.60224900;0;15.33526000;Similiaco;Sémily;NA;372;Czechia
5;48.68620800;0;-1.35794800;Abrinktas;Avranches;NA;373;France
5;48.60337800;0;0.17345400;Saius;Sèes;NA;374;France
5;49.04779200;0;-1.44549100;Custancia;Coutances;NA;375;France
5;49.11570000;0;-1.09066400;Briuuri;Saint-Lô;NA;376;France
5;49.63695600;0;-1.62513400;Coriallo;Cherbourg;NA;377;France
5;47.39004700;0;0.68892700;Turonus;Tours;NA;378;France
5;47.39004700;0;0.68892700;"Saint Martin's Basilica";Tours;NA;379;France
5;47.32393400;0;0.40729600;Alingavias;Langeais;NA;380;France
5;47.41103500;0;0.98369800;Ambacia;Amboise;NA;381;France
5;47.34132100;0;0.61313200;Ballatetone;Ballan-Miré;NA;382;France
5;47.28276900;0;0.17888700;Borgoialo;Bourgueil;NA;383;France
5;47.56924800;0;0.38789600;"Bricca Vico";Brèches;NA;384;France
5;48.35568800;0;-4.75420200;Briotreite;Biéré;NA;385;France
5;47.23239200;0;0.91638300;Brixis;"Braye, auj. Reignac";NA;386;France
5;47.16671800;0;0.24021000;Cainone;Chinon;NA;387;France
5;44.94706300;0;1.96972900;Condate;Candes;NA;389;France
5;47.34539000;0;0.95211000;Daria/Dariaco;Dierre;NA;390;France
5;47.28458200;0;0.78617100;Evira;Esvres;NA;391;France
5;47.18637800;0;1.09612200;Geniliaco;Génillé;NA;392;France
5;46.78527600;0;0.86990900;Hicciodero;Yzeures;NA;393;France
5;47.45922000;0;1.04085800;Limariaco;Limeray;NA;394;France
5;46.29447900;0;-0.28802600;Medeconno;Mougon;NA;395;France
5;47.08948900;0;0.89247300;Musicaco;Mouzay;NA;396;France
5;45.48235600;0;6.09318600;Pauliaco;Pouillé;NA;398;France
5;46.96392900;0;0.57669900;Silaniaco;Séligny;NA;400;France
5;45.35450000;0;4.90511000;Solonaco;Sonnay;NA;401;France
5;47.47157400;0;1.12458300;Vidua;Veuves;NA;402;France
5;48.00777800;0;0.19953400;Cenomannis;"Le Mans";NA;403;France
5;47.96928300;0;0.15788200;Alaona;Allonnes;NA;404;France
5;48.15063700;0;0.12266800;Arciacas;Saint-Jean-d'Assé;NA;405;France
5;48.19308000;0;0.08666600;Arciaco;Assé-le-Riboul;NA;406;France
5;48.17524100;0;0.23368000;Balatonno;Ballon;NA;407;France
5;48.25108600;0;-0.36345100;Bedicco;Bais;NA;408;France
5;48.14711400;0;0.36219000;Bellofaeto;Beaufay;NA;409;France
5;47.96750500;0;-0.23551700;Bruciron(no);Brulon;NA;410;France
5;47.94842700;0;-0.22390100;Cabiliaco;Chevillé;NA;411;France
5;48.25628600;0;0.16986400;Cirialaco;"Sérillac (comm. De Doucelles)";NA;412;France
5;48.16991400;0;0.70384000;Corma;Cormes;NA;413;France
5;48.16851300;0;-0.06021200;Crisciac(o);Crissé;NA;414;France
5;48.25709200;0;-0.49639200;Diabolentis;Jublains;NA;415;France
5;46.99820600;0;0.05916000;Lacciaco;Lassay;NA;416;France
5;47.76043100;0;0.27454000;Matoliaco;Mayet;NA;417;France
5;47.92013700;0;0.74344000;Matovallo;Saint-Calais;NA;418;France
5;47.87099300;0;-0.09736300;Noviomo;Noyen-sur-Sarthe;NA;419;France
5;46.56060000;0;3.29113000;Novovico;Neuvy;NA;420;France
5;48.11909500;0;0.18261300;Sauliaco;Souillé;NA;421;France
5;48.49458400;0;-0.13776800;Sirallo;Ciral;NA;422;France
5;50.18575300;0;3.49759200;Solemnis;Solesmes;NA;423;France
5;48.04110700;0;-0.47707600;Wagias;Vaiges;NA;424;France
5;48.11135900;0;-1.68000900;Redonis;Rennes;NA;425;France
5;48.33903200;0;-1.15555200;Belciaco/Balaciaco;Beaucè;NA;426;France
5;48.29921300;0;-1.31028000;Vindello;Vendel;NA;428;France
5;47.47398800;0;-0.55155900;Andecavis;Angers;NA;429;France
5;47.79813400;0;-1.20337500;Senonas;Senonnes;NA;430;France
5;47.21851600;0;-1.56023500;Namnetis;Nantes;NA;431;France
5;47.71940600;0;-1.37572800;Baiorate;Béré;NA;432;France
5;47.03590000;0;-1.64051800;Deas;"Saint-Philibert de Grandleiu";NA;433;France
5;47.41281600;0;-1.96936100;Cambidonno;Campbon;NA;434;France
5;47.65867700;0;-2.75990800;Venetus;Vannes;NA;435;France
5;48.19785600;0;3.28260600;Senonis;Sens;NA;436;France
5;48.53096900;0;2.01089900;Dortenco;Dourdan;NA;437;France
5;48.53538100;0;2.65920000;Mecledore;Melun;NA;438;France
5;48.43304200;0;2.16113800;Stampas;Étampes;NA;439;France
5;48.44700400;0;1.48663900;Carnotas;Chartres;NA;440;France
5;48.22880600;0;1.36361000;Aloia;Alluyes;NA;441;France
5;47.58768600;0;1.33376400;Bleso;Blois;NA;442;France
5;48.73591200;0;1.37104900;Dorocas;Dreux;NA;443;France
5;49.44045900;0;1.09396600;Riomo;Ruan;NA;444;France
5;47.79551800;0;1.06616800;Vi(n)docino;Vendôme;NA;445;France
5;47.79540000;0;3.58452000;Autiziodero;Auxerre;NA;446;France
5;47.64107200;0;2.74131300;Briodro;Briare;NA;447;France
5;45.18212000;0;5.10186400;Donnaciaco;Donay;NA;448;France
5;47.45389100;0;3.06091400;Eliniaco;Alligny-près-Cosne;NA;449;France
5;47.67227100;0;3.87788800;Nenterac(o);Nitry;NA;450;France
5;48.29716300;0;4.07462600;Tricas;Troyes;NA;451;France
5;48.53622100;0;4.14229900;Arciaca;Arcis-sur-Aube;NA;452;France
5;48.37608300;0;4.52837800;Briona;Brienne-la-Vieille;NA;453;France
5;48.65685000;0;3.75896000;Cupidis;Queudes;NA;454;France
5;48.62668000;0;3.83179000;Latascone;"La Chapelle-Lasson";NA;455;France
5;47.90273400;0;1.90860700;Aurelianis;Orléans;NA;456;France
5;47.56628800;0;2.25508300;Briennone;Brinon-sur-Sauldre;NA;457;France
5;46.14532000;0;2.23174000;Petraficta;Pierrefitte;NA;459;France
5;47.91430500;0;1.91159400;Solaso;"Soulas (comm. De Sandillon)";NA;461;France
5;47.32582000;0;1.30249000;Thaisacas;Thésée;NA;462;France
5;47.64420700;0;2.05793600;Vosonno;Vouzon;NA;464;France
5;48.85650600;0;2.35213300;Parisius;Paris;NA;465;France
5;46.58156800;0;1.98922900;Castra;"Châtre (auj. Arpajon)";NA;466;France
5;48.93577300;0;2.35802300;Catullaco;Saint-Denis;NA;467;France
5;48.67870000;0;2.42120000;Draverno;Draveil;NA;468;France
5;48.61376800;0;2.48034200;Exona;Essonnes;NA;469;France
5;48.81270000;0;2.34371000;Gentiliaco;Gentilly;NA;470;France
5;48.63247600;0;2.55096300;Locosancto;Lieusaint;NA;471;France
5;49.04710000;0;2.62335500;Munciaco;Mousay;NA;472;France
5;48.71702800;0;2.24685700;Palaciolo;Palaiseau;NA;473;France
5;48.78307300;0;2.45183700;"Porto Cristoialo";"Port de Créteil (comm. De Saint-Maur-les-Fossés)";NA;474;France
5;48.42267100;0;-1.47567600;Tremolito;Tremblay;NA;475;France
5;48.95891500;0;2.89648600;Meldus;Meaux;NA;476;France
5;48.03697000;0;-1.41431800;Claio;Claye;NA;477;France
5;48.88535600;0;2.76775000;Columbario;Coulommieres;NA;478;France
5;48.85531300;0;2.93384200;Crideciaco;Crécy-la-Chapelle;NA;479;France
5;46.99390300;0;3.15996400;Nevers;Nevers;NA;480;France
5;46.73301700;0;3.18317400;Cantunaco;Chantenay-Saint-Imbert;NA;482;France
5;46.78838000;0;3.59777000;Catonaco;Charrin;NA;483;France
5;46.82842600;0;3.46161000;Dicetia;Decize;NA;484;France
5;49.75991200;0;6.64449200;Treveris;Trier;NA;485;Germany
5;50.43542000;0;7.39932500;Antunacco;Andernach;NA;486;Germany
5;47.40586800;0;9.33616100;Bodovreca;Boppart;NA;487;Switzerland
5;49.63198600;0;5.16825000;Epocio;Carignan;NA;488;France
5;49.64944900;0;5.04897400;"Mallo Matiriaco";Mairy;NA;489;France
5;49.65416700;0;3.79250000;Pontepetrio;Pierrepont;NA;491;France
5;49.11969600;0;6.17635500;Mettis;Metz;NA;492;France
5;49.05936800;0;6.12192100;Avanaco;Augny;NA;493;France
5;48.78132300;0;6.53031500;Bodesio;Vic-sur-Seille;NA;494;France
5;48.81056200;0;6.71759900;Doso;Dieuze;NA;495;France
5;43.92990000;0;2.28575000;Marsallo;Marsal;NA;496;France
5;48.77969100;0;6.56228200;Medianovico;Moyenvic;NA;497;France
5;48.73567500;0;7.05333000;Sareburgo;Sarrebourg;NA;498;France
5;48.67626200;0;5.89417600;Tullo;Toul;NA;499;France
5;48.38610400;0;5.48662500;Granno;Grand;NA;500;France
5;48.69280500;0;6.18381200;Nanciaco;Nancy;NA;501;France
5;48.63726300;0;5.37714000;Nasio;Naix-aux-Forges;NA;502;France
5;48.01799200;0;6.65582500;Novicento;Void;NA;503;France
5;49.53718500;0;4.53501300;Sauriciaco;Sorcy;NA;504;France
5;47.01569400;0;4.82805100;Scarponna;"Charpeigne (comm. De Dieulouard)";NA;505;France
5;48.65749900;0;6.16539600;Vindeoera;Vandœuvre-lès-Nancy;NA;506;France
5;49.21223600;0;5.62596800;Vereduno;Verdun-sur-Meuse;NA;507;France
5;49.17313300;0;5.54806800;"Villa Maorin";Moranville;NA;508;France
5;49.25778900;0;4.03192600;Remus;Reims;NA;509;France
5;49.33584400;0;5.18018800;"Bridur Corte";Brieulles-sur-Meuse;NA;510;France
5;45.80589100;0;0.61481600;Mosomo;Mouzon;NA;511;France
5;49.02336300;0;4.04727300;Oriaco;Oiry;NA;512;France
5;49.62952500;0;4.50339800;"Vico Santi Remidi";Viel-Saint-Remy;NA;513;France
5;49.56389200;0;3.62476000;"Lauduno Cloata";Laon;NA;514;France
5;49.38166700;0;3.32361100;Suessionis;Soissons;NA;515;France
5;49.09275400;0;3.78788100;Bainissone;"Binson et Orquigny";NA;516;France
5;45.64937800;0;4.79490100;Chariliaco;Charly;NA;517;France
5;48.87150000;0;3.44706000;Vindaria;Vendières;NA;518;France
5;48.95662200;0;4.36288500;Catalaunis;Châlons-sur-Marne;NA;519;France
5;48.47862100;0;2.54928300;Perta;Perthes;NA;520;France
5;49.84861100;0;3.28638900;Viromandis;Saint-Quentin;NA;521;France
5;50.29121000;0;2.77713600;Atravetes;Arras;NA;523;France
5;50.17596000;0;3.23566100;Camaraco;Cambrai;NA;524;France
5;50.31522300;0;3.51704600;Falmartis;Famars;NA;525;France
5;50.60566000;0;3.38782600;Turnaco;Tournai;NA;526;Belgium
5;49.20654000;0;2.58465800;Silvanectis;Senlis;NA;527;France
5;49.10353200;0;2.58503100;Plaitiliaco;Plailly;NA;528;France
5;52.24603700;0;0.71251700;Buriaco;Bury;NA;529;"United Kingdom"
5;49.16627700;0;2.24449900;Camiliaco;Chambly;NA;530;France
5;49.89417100;0;2.29569500;Ambianis;Amiens;NA;531;France
5;49.90829100;0;2.51107300;"Sancti Petri";"Corbie (Church of St. Peter)";NA;532;France
4;50.06500395;1;1.67621590;Viminao;"Le Vimeu";NA;533;France
5;50.51389700;0;1.63885100;"Wico in Pontio";Étaples;NA;534;France
5;50.63633400;0;2.25771900;Taroanna;Thérouanne;NA;535;France
5;46.79539100;0;-1.31980400;Bononia;Boulogne;NA;536;France
5;49.99999500;0;8.27102400;Mogontiaco;Mainz;NA;537;Germany
5;48.87217800;0;2.57654700;Argentorato/Strateburgo;Strasbourg;NA;538;France
5;49.31655500;0;8.43361500;Spira;Spires;NA;539;Germany
5;49.66151300;0;8.32120400;Warmacia;Worms;NA;540;Germany
5;50.93836100;0;6.95997400;Colonia;Cologne;NA;541;Germany
5;50.69222800;0;6.64726900;Tulbiaco;Zülpich;NA;542;Germany
5;50.85798500;0;5.69698800;Triecto;Maastricht;NA;543;Netherlands
5;51.22111000;0;4.39970800;Anderpus;Anvers;NA;544;Belgium
5;50.52153800;0;5.23574500;Choae;Huy;NA;545;Belgium
5;50.26121800;0;4.91255700;Deonante;Dinant;NA;546;Belgium
5;50.46652800;0;4.86618900;Namuco;Namur;NA;547;Belgium
5;51.97750700;0;5.32693000;Dorestate;Wijk-bij-Duurstede;NA;548;Netherlands
3;52.95442920;1;5.16357375;Frisia;"Frisia (Roughly provinces of Friesland, Drenthe, Groningen, Overijsel, Noord-Holland)";NA;549;Netherlands
5;47.55810800;0;7.58782600;Basilia;Basel;NA;550;Switzerland
5;47.08056900;0;2.39893200;Betoregas;Bourges;NA;551;France
5;47.48805000;0;2.62984000;Bareloco;Barlieu;NA;552;France
5;47.23154000;0;2.48862800;Bellomonte;"Beaumont (comm. De Menetou-Salon)";NA;553;France
5;46.49445600;0;1.36461900;Capudcervi;Sacierges-Saint-Martin;NA;554;France
5;50.65896800;0;5.88366800;Climone;Clérmont;NA;555;Belgium
5;46.82677700;0;1.70104300;"Dolus Vico";Déols;NA;556;France
5;47.20328600;0;1.75340200;Duno;Dun-le-Poëlier;NA;557;France
5;46.78036800;0;2.50417200;"Mediolano Castro";Melliant;NA;558;France
5;46.94368700;0;1.31344100;Onaciaco;Palluau;NA;559;France
5;46.63573000;0;1.38600700;Rivarinna;Rivarennes;NA;560;France
5;47.45765800;0;2.17994300;Sesemo;Souesmes;NA;561;France
5;47.22174900;0;2.06914200;Virisione;Vierzon;NA;562;France
5;45.83542400;0;1.26448500;Lemovecas;Limoges;NA;563;France
5;45.95841400;0;1.40046300;Ambaciaco;Ambazac;NA;564;France
5;46.26486300;0;1.63769400;Analiaco;Naillat;NA;565;France
5;46.04516300;0;1.01737300;Blatomago;Blond;NA;566;France
5;44.41177400;0;5.74990800;Breciaco;Bersac;NA;567;France
5;45.93247100;0;0.73824200;Cabiriaco;Chabrac;NA;568;France
5;45.23557600;0;1.20257800;Campaniaco;Champagnac;NA;569;France
5;46.05973000;0;2.56279000;Caronno;Charron;NA;570;France
5;45.60929600;0;1.35329500;Carovicus;Château-Chervix;NA;571;France
5;45.51141100;0;1.32405300;Cociaco;Coussac-Bonneval;NA;572;France
5;45.99192100;0;1.27471000;Conpriniaco;Compreignac;NA;573;France
5;45.63254000;0;1.53521800;Curisiaco;Curzac;NA;574;France
5;49.13447300;0;5.65511200;Evauno;Evaux;NA;575;France
5;46.14525400;0;1.51138200;Ferruciaco;"Saint-Étienne de Fursac";NA;576;France
5;45.06010500;0;-0.69152800;Marciaco;Marsac;NA;577;France
5;45.80719500;0;1.37131700;Montiniaco;Montignac;NA;578;France
5;49.03380600;0;6.16081700;"Potincaco Castro";Château-Ponsac;NA;580;France
5;45.51990000;0;1.20408000;"Sancto Aredio";Saint-Yrieix-la-Perche;NA;581;France
5;45.31141200;0;1.19697700;Selaniaco;Salagnac;NA;582;France
5;46.05138500;0;1.85594300;Serotenno;Sardent;NA;583;France
5;45.90665800;0;2.03498000;Vallaria;Vallière;NA;585;France
5;45.64967600;0;0.15686600;Icolisima;Angoulème;NA;586;France
5;45.69044900;0;0.49171000;Orgadoialo;Orgedeuil;NA;587;France
5;45.74208000;0;-0.62993300;Santonas;Saintes;NA;588;France
5;45.84500000;0;-0.39416700;Albiaco;Aujac;NA;589;France
5;46.00903600;0;-0.71189700;Anisiaco;Annezay;NA;590;France
5;46.58026000;0;0.34019600;Pectavis;Poitiers;NA;591;France
5;45.97995200;0;0.54208000;Antebrinnaco;Ambernac;NA;592;France
5;46.47416400;0;-0.56123200;Areduno;Ardin;NA;593;France
5;46.18635700;0;0.36521300;Benaiasco;Benest;NA;594;France
5;46.99182200;0;0.34695800;Braia;Braye-sous-Faye;NA;595;France
5;44.75472800;0;3.07069900;Brionno;Brion;NA;596;France
5;46.14169700;0;-0.22176800;Briosso;Brioux;NA;597;France
5;46.39750000;0;-1.02138900;Callaco;Chaillé-les-Marais;NA;598;France
5;48.93055600;0;-0.85777800;Carvill[…];Carville;NA;599;France
5;46.42560800;0;0.18819000;Cella;Celle-Lévescault;NA;600;France
5;46.47070000;0;2.43378000;Curciaco;Courçais;NA;601;France
5;46.85258500;0;0.54321600;Interamnis;Antran;NA;603;France
5;46.22716000;0;0.47122300;Jusciaco;Joussé;NA;604;France
5;46.43861100;0;-0.94861100;Landuconni;"Le Langon";NA;605;France
5;46.52016300;0;0.33259100;Locoteiaco;Ligugé;NA;606;France
5;46.85639000;0;-0.01945300;Madronas;Marnes;NA;607;France
5;44.56205400;0;7.32049200;Medolo;Melle;NA;608;Italy
5;47.38462378;0;-1.12846366;Mironno;Méron;NA;609;France
5;47.16305000;0;0.30849800;Neioialo;Nueil;NA;610;France
5;46.32394600;0;-0.46452100;Noiordo;Niort;NA;611;France
5;47.13278500;0;-1.74971300;"Porto Vediri";"Le Port Saint-Père";NA;613;France
5;47.00525400;0;0.27164000;Potento;Pouant;NA;614;France
5;47.19054600;0;-1.56952900;"Raciate Vico";Rezé;NA;615;France
5;48.08957900;0;0.65372100;"Sancti Maxentii";Saint-Maixent;NA;616;France
5;46.58976827;0;-1.11397383;Teodericiaco;"Trizay (Vendée)";Trizay-sur-le-Lay;618;France
5;46.46715100;0;1.03854000;Tremeolo;"La Trimouille";NA;620;France
5;49.53741100;0;4.63788900;Turturonno;Tourteron;NA;621;France
5;46.94538200;0;-0.34539700;Viriliaco;Vrillé;NA;622;France
5;46.93155400;0;-0.51756500;Vultaconno;Voultegon;NA;623;France
3;45.35889986;1;34.29932146;Crimea;NA;NA;624;Russia
3;36.16338320;1;37.06787527;"Unknown (Syria)";NA;NA;625;Syria
3;30.43801687;1;31.44286751;"Unknown (Egypt)";NA;NA;626;Egypt
5;30.01796100;0;31.23768400;al-Fustat;Cairo;NA;627;Egypt
3;34.91184002;1;36.89209294;"Byzantine military mint (mobile?)";NA;NA;628;Syria
5;47.06050700;0;0.87340100;"Cisomo Vico";Ciran-la-Latte;NA;689;France
5;50.73743000;0;7.09820700;Bonna;Bonn;NA;930;Germany
5;51.81256300;0;5.83722600;Noviomagus;Nijmegen;NA;931;Netherlands
5;50.43683300;0;1.65412200;Airono;Airon-Notre-Dame;NA;932;France
5;37.38909200;0;-5.98445900;Hispalis;Seville;NA;933;Spain
5;14.13403200;0;38.74729000;Aksum;Aksum;NA;934;Ethiopia
5;34.79929400;0;48.51220900;"Hamadān (AH/AHM/KWN AH/KWN AHM)";Hamedan;"Ancient Ecbatana";1355;Iran
5;36.469722;0;52.350833;"Amul (AM), Tabaristan";Amol;NA;1356;Iran
5;28.8528648953;0;52.5326816606;"Ardashir-Khwarrah (ART/ARTHŠTR/ ARTHŠTRGDH)";Firuzabad;Gor;1357;Iran
5;31.31671200;0;48.68438000;"Ohrmazd-Ardashir (AW/AWH)";Ahwaz;"Sūq al-Ahwaz";1358;Iran
5;32.1887935;0;48.2537285;"Eran-Khwarrah-Shāpūr (AY/AYL[early])";Susa;Bahram;1359;Iran
3;28.81740500;0;52.96509000;"Biramkobadh (BRM)";?;NA;1360;Iran
5;29.7779115;0;51.5710073;"Bishapur (BYŠ/BŠHP/BŠHPW)";Faliyan;"Veh Sabur";1361;Iran
5;28.755075;0;54.544772;"Darabgird (DA/DAL/DALAPKR)";Dārāb;NA;1362;Iran
5;28.75595100;0;54.55467900;"Jahrum (Near Darabgird) (DA+G/DA+GARWM)";Jahrom;NA;1363;Iran
5;28.93147600;0;53.64264600;"Fasa (Near Darabgird) (DA+P)";Fasa;NA;1364;Iran
5;28.91191900;0;50.83672100;"Rew-Ardashir (LYW/ LYWARTHŠT/KWN LYW/GNC LYW)";Bushehr;"Bandar Bushehr";1365;Iran
3;30.30808500;0;51.95434000;"Dašt-Maysan (DŠ or DŠT)";?;NA;1366;Iran
5;32.65107000;0;51.67881000;"Gay (GD)";Isfahan;"Jayy / جي";1367;Iran
5;37.2580556;0;55.1688888888889;"Gurgan-Shahristan (GW[later]/GWL)";Gorgan;Jorjan;1368;Iran
3;32.283333;1;48.516667;"Khuzistān (HWC)";Khuzestan;NA;1369;Iran
5;28.4325;0;53.124722;"Karzi (KA/KAL/KALCYDY)";Karzin;Kawad-Khwarrah;1370;Iran
3;28.85590100;0;54.83276400;"Qubadh Xwarrah (KWAT)";NA;NA;1371;Iran
5;31.28;0;49.603611;"Ram-Ohrmazd (LAM)";Ramhurmuz;Ramhormozd;1372;Iran
5;35.594267;0;51.447163;"Ray (LD/LDY/LY)";Tehran;NA;1373;Iran
3;35.95281;0;52.63545;?;NA;NA;1374;Iran
5;34.18761;0;48.367981;"Nihawand (NY)";Nahavand;"Mah al-Basra";1375;Iran
3;30.87551300;0;49.71313500;"Nahr-Tira (NHR)";NA;NA;1376;Iran
5;29.98083300;0;52.90944400;"Stakhr (ST/STHL)";Istakhr;Estakhr;1377;Iran
5;29.59048485;0;52.57565215;"Shiraz (Š/ŠY/ŠYLAC)";Shiraz;NA;1378;Iran
5;28.85298400;0;52.53244600;"Tawwah (TART)";Firuzabad;Firuzabad;1379;Iran
5;36.56560000;0;53.05880000;"Ṭabarestān (TPWRSTAN)";Sari;"Ancient province of Māzandarān";1380;Iran
5;32.28046550;0;48.51768850;"Weh-Andiyok-Shapur (WH/WHY)";Gundeshapur;Gondishapour;1381;Iran
3;28.41233900;0;53.36059600;"Bihqubadh (WYH)";NA;NA;1382;Iran
5;30.66282600;0;50.30914100;"Weh-az-Amid-Kawad (WYHC)";Behbahan;Arrajan;1383;Iran
5;31.89218700;0;54.35877000;"Yazd (YZ)";Yazd;NA;1384;Iran
5;32.03443801;0;44.40310466;"Al-Kūfa (AKWLA)";Kufa;الكوفة;1385;Iraq
5;33.094703;0;44.5812226667;"Ctesiphon (AS)";"Salman Pak";Asuristan;1387;Iraq
5;37.012264;0;46.201883;"Adurbadagan (AT)";Ganzak;Azerbaijān;1388;Iran
5;33.094703;0;44.5812226667;"Mobile Court Mint - Ctesiphon (BBA)";"Salman Pak";Al-Madain;1389;Iraq
5;30.50810300;0;47.78348900;"Basra (BCRA/BJRA)";Al-Baṣra;NA;1390;Iraq
5;30.80934250;0;47.56280400;"Maysān (MY)";Naysan;Kark-Meshan;1392;Iraq
5;30.7826951;0;47.7010833;"Forat-Meshan (PL)";Maghlub;Vahman-Ardashir;1393;Iraq
5;32.33861;0;45.93362;?;"Kut (80km SE of Kut)";NA;1394;Iraq
4;32.540791;1;44.22048;"Weh-Kawad (WYH)";Al-Hindiya;NA;1395;Iraq
4;33.048229;1;44.582087;"Weh-az-Andiôk-Khusro (WYHC)";Al-Madain;"Antiocheia Chosroou";1396;Iraq
5;36.202448;0;58.798373;"Abarshahr (AP/APL)";Nishapur;Nev-Shapur;1397;Iran
3;36.78435900;0;65.29174800;"Anbir (ANBYR)";NA;NA;1398;Afghanistan
5;36.7678774387;0;66.9012833898;"Balkh (BHL)";Balkh;"Ancient Bactria";1399;Afghanistan
4;34.5;1;47.5;"? (near Bisotun) (BN)";Kermanshah;"Ancient Carmania";1400;Iran
5;31.4881;0;64.3717;"Bist, Sakastan (BŠT/ BYST)";"Qal`eh-ye Bost";NA;1401;Afghanistan
5;29.1156331155;1;58.3691478143;"Garm-Kirmān (GLM)";Bam;NA;1402;Iran
3;36.85472;0;63.90747;?;NA;NA;1403;Turkmenistan
5;34.346802;0;62.189883;"Herat, Khorasan (HL[later]/HLY/HLYDY/HLYDW)";Herat;NA;1404;Afghanistan
5;29.43654300;0;55.66864500;"Kirman (KL)";Sirjan;Shiragan;1405;Iran
5;30.28387270;0;57.08005130;"Kirmān (KRMAN)";Kirmān;NA;1406;Iran
5;37.669926;0;62.177081;"Marw (ML/MLW/MLWY)";Merw;Bayramaly;1407;Turkmenistan
3;37.36288200;0;65.20385700;"Marw al-Rudh (MRWRWT)";?;NA;1408;Turkmenistan
3;29.96604;0;57.64526;?;NA;NA;1409;Iran
5;28.87209090;0;58.27906210;"Narmāšir (NAR)";Narmashir;NA;1410;Iran
3;35.75691500;0;62.69897500;"Sarkhas (KH)";NA;NA;1411;Turkmenistan
5;30.96;0;61.86;"Sakastan (N/S/SK/SKSTN)";Zaranj;Sistan;1412;Afghanistan
5;42.06742007;0;48.28909081;al-Bab;Derbent;NA;2613;Russia
5;39.21488560;0;9.10951885;Caralis;Cagliari;NA;2614;Italy
5;36.33432480;0;6.61617292;"Constantine in Numidia";NA;NA;2615;Algeria
5;41.73111174;0;12.28626712;Ostia;NA;NA;2616;Italy
5;45.66688462;0;12.24304019;Treviso;Treviso;NA;2617;Italy
5;32.69447883;0;45.68479395;Wāsiṭ;NA;"Wasit / واسط";2618;Iraq
5;36.57741904;0;36.18758917;Alexandretta;NA;NA;2619;Turkey
5;35.94999543;0;39.01669842;Rakkah;Raqqa;al-Raqqah;3013;Syria
3;45.50442157;1;3.20800066;"Unknown (Southern Gaul)";NA;NA;3413;France
3;34.28554878;1;26.83410586;"Unknown (East Roman)";NA;NA;3414;Turkey
4;44.65863693;1;4.80651678;"Arelato or Lugdunum";"Arles or Lyons";NA;3415;France
3;46.34540845;1;2.29393791;"Unknown (Gaul)";NA;NA;3813;France
3;36.18338287;1;18.67812173;"Unknown (Roman)";NA;NA;4213;Italy
3;38.25543274;1;10.70399255;"Unknown (West Roman)";NA;NA;4214;Italy
3;43.22518924;1;12.02218040;"Unknown (Italy)";NA;NA;4613;Italy
3;35.64004873;1;38.78406171;"Unknown (Asia Minor)";NA;NA;4614;Syria
3;21.85564091;1;42.25697554;"Unknown (Balkans)";NA;NA;4615;"Saudi Arabia"
3;44.92980194;1;7.98343573;"Gallic mint or Roma";NA;NA;4616;Italy
3;34.96195366;1;31.93551259;"Unknown (Palestine)";NA;NA;5013;Palestine
3;33.97199334;1;48.77921799;"Unknown (Sasanian Empire)";NA;NA;5014;Iran
3;35.81812919;1;31.34023499;"Unknown (Palestine/Jordan)";NA;NA;5015;Palestina
3;39.44145544;1;35.98942981;"Unknown (al-Jazira)";NA;NA;5016;Turkey
3;37.68596718;1;34.84343103;"Unknown (Greater Syria)";NA;NA;5017;Turkey
3;37.68596718;1;36.48565917;"Unknown (North Syria)";NA;NA;5018;Turkey
3;33.5130695;1;36.3095814;"Unknown (Umayyad)";NA;NA;5019;Syria
5;36.34368838;0;43.09971206;al-Mawsil;Mosul;الموصل;5413;Iraq
4;36.72574637;1;35.90343408;Sarmin;NA;NA;5414;Turkey
4;38.93999491;1;36.67027194;Balih;"Ain al-'Arus (spring)";NA;5415;Turkey
3;44.57916396;1;40.00468353;Irminiya;NA;NA;5416;Russia
5;34.52171801;0;31.61608964;Diocletianopolis;"Khirbat a-Sheraf";Sarafa;5813;Bulgaria
3;37.25999526;1;36.17999841;"Jibrin (Uncertain)";Jibrin;Jabrin;6213;Turkey
3;40.41659708;1;-3.70379883;"Unknown (Iberia)";NA;NA;6613;Spain
5;47.49082832;0;3.90916268;Aballo;Avallon;NA;7013;France
5;48.60527321;0;0.17193755;Sagensis;Sées;Sagiens;7014;France
5;44.08471889;0;10.04194317;Luna;Luni;Ortonovo;7413;Italy
4;48.12958319;0;-1.67724447;Armorica;Armorique;Aremorica;7813;France
5;48.94332914;1;-0.21888350;Solimnli;Soulangy;"Soulangy (Sarry)";7814;France
5;45.41380770;0;3.72461280;Arelenco;Arlanc;"Arlanc (Puy-de-Dôme";7815;France
5;47.76540532;0;2.37388797;"Solliaco Vici";Sully-sur-Loire;"Sully-sur-Loire (Loiret)";8213;France
5;46.04272140;0;1.10423610;Bercillo;Breuilaufa;"Breuilaufa (Haute-Vienne)";8214;France
5;45.87355236;0;0.71879596;Cabanisio;Chabanais;Chabanès;8215;France
5;46.54999714;0;-1.00610414;Tidiricia;Thiré;"Thiré (Vendée)";8613;France
5;46.51660147;0;0.56394437;Teodericia;Tercé;"Tercé (Vienne)";8614;France
5;46.84360694;0;0.27527075;"Dufciaco Curte Sci Martin";"Church of St. Martin at Doussay (Vienne)";"Église Saint-Martin de Doussay";9013;France
5;46.06083228;0;0.92054859;Novovico;"Nouic (Haute-Vienne)";Noic;9014;France
5;47.85161341;0;0.23642760;Beliniancus;Belin;Saint-Ouen-en-Belin;9015;France
5;46.46728619;0;-0.80705543;Theodeberciaco;Thiverzay;"Thiverzay (Vendée)";9413;France
5;48.74833207;0;4.62555116;VTVAINOCA;Vitry-le-Brûlé;"Vitry-en-Perthois (Marne)";9415;France
5;46.51721963;0;0.33111003;"Sci Martini Loco Teiaco";"Saint-Martin de Ligugé";"Abbey of St. Martin of Ligugé";9416;France
5;47.49999928;0;-2.49999347;Basniaco;"Besné (Loire-Atlantique)";Besné;9422;France
5;48.41747523;0;-0.33529618;Gavaronno;Javron-les-Chapelles;"Javron (Mayenne)";9816;France
5;42.69833171;0;23.31993240;Serdica;Sofia;NA;13413;Bulgaria
4;34.799294;1;48.512209;"Mah (MA/MA/DY)";NA;Media;13414;Iran
4;34.998625;1;49.338661;"Dinawar?/Dinar? (DYWAN/DYWAS/DYWAT)";"Dinawar?/Shahr-e Ray?";NA;13415;Iran
3;40.01185995;1;44.58079045;"Armenia (ALM)";Armenia;NA;13416;Armenia
4;43.94709720;0;12.63076205;Pentapolis;Ancona?;Rimini?;13417;Italy
5;50.52610246;0;1.59132959;Vuicus;"Quentovic (Pas de Calais)";NA;13814;France
5;48.06016506;0;-1.19386101;Eterales;Étrelles;NA;14213;France
5;46.19063240;0;-0.12722839;Marcillaco;Marcillé;NA;14214;France
5;48.56029299;0;3.29880237;"Pagus Pruvinensis";Provins;NA;14613;France
5;49.44312695;0;1.09931333;Rotomago;"Saint-Ouen de Rouen Abbey (Seine-Maritime)";NA;15013;France
5;46.09960261;0;3.19952056;Vatunaco;Gannat;Gatnat;15014;France
5;49.58055059;0;3.00002271;"Noviomagus Veromanduorum";Noyon;Noviomum;15015;France
5;49.01340354;0;3.92516168;Emuhliaco;"Moussy (Seine-et-Marne)";Monceiacum;15413;France
5;47.67741503;0;5.14021395;Calanciaco;"Chalancey (Haute-Marne)";NA;15414;France
5;48.61390335;0;2.48213496;Corbulium;Innise;Corbeil;15415;France
5;50.25214520;0;1.88406359;Cresciaco;Crécy-en-Ponthieu;Cressy;15416;France
5;47.47934264;0;8.21798585;Vindonissa;Windisch;NA;15813;Switzerland
5;48.54788355;0;5.81037512;Alonum;Allamps;Alun;15814;France
5;48.07619295;0;-0.01636730;Novovico;Neuvy-en-Champagne;NA;16213;France
4;47.10233026;0;5.26482825;"Latona Vico";Saint-Jean-de-Losne;NA;16613;France
5;48.94620245;0;4.81125988;"Niger locus";Noirlieu;Neroloto;17013;France
5;46.61789922;0;2.81927269;Cerilia;Cerilly;"Cérilly (Allier)";17014;France
3;48.85669250;1;2.35145704;Scola;"Palace School mint";Scolare;17413;France
5;49.17418035;0;3.86342946;Calmaciago;Chaumuzy;NA;17414;France
5;47.49020918;0;4.33286208;Sinemurum;Semur-en-Auxois;NA;17415;France
5;46.06094448;0;0.77715052;Brilliaco;Brillac;Brilhac;17813;France
5;46.74427698;0;6.53684269;Urba;Orbe;"Versus Orbam";18213;Switzerland
5;47.81664426;0;6.38217975;Luxovium;"Luxeuil Abbey";"Lussovio monasterio";18214;France
5;46.54421431;0;1.75026852;Closis;Cluis;NA;18215;France
3;48.85669250;1;2.35145704;Palacio;Palace;Palais;18216;France
5;48.38276395;0;5.93595062;Viskeriacum;Vicherey;Viskerium;18613;France
5;39.98603410;0;-0.03772924;Castalia;"Castellón de la Plana";Castelona;19013;Spain
5;45.98591265;0;2.63732791;Caranciaco;Charensat;NA;19014;France
5;47.46588688;0;1.87433484;Marcilia;Marcilly-en-Gault;NA;19413;France
4;45.50027243;0;4.24055120;"Armini Vici";"Armagnac, comm. Saint-Just-sur-Loire";NA;19414;France
5;50.78333324;0;4.66665807;Netis;Nethen;NA;19813;Belgium
5;49.30916515;0;2.85444173;Castriloci;Champlieu;NA;19814;France
5;49.57138782;0;3.14416638;Cariciacum;Quierzy;Quierzy-sur-Oise;20213;France
5;49.47015687;0;2.49606783;Locivelacoro;Lieuvillers;NA;20214;France
5;47.18241599;0;0.96845574;"Cambortese Pago";Chambourg;Chambourg-sur-Indre;20613;France
5;48.99096216;0;-0.07597951;Vindovera;Vendeuvre;Vendeuvre-sur-Barse;20614;France
5;49.78024634;0;6.69290701;Palatiolum;Pfalzel;Palaceolo;21013;Germany
5;47.59695179;0;6.84834250;"Botanisat Vico";Botans;"Botans (terr. de Belfort)";21014;France
5;48.64253324;0;5.82495478;"Domnus Germanus";Domgermain;NA;21015;France
5;49.17247720;0;3.95574034;Camariacum;Chamery;"Cameraco Vico";21016;France
5;49.63005103;0;5.16646273;Epoissium;"Yvois, comm. Carignan";Ivosium;21413;France
5;45.66482550;0;3.19071707;Crennom;"Coren (Cantal)";Corent;21814;France
5;47.99927968;0;-0.71645135;"Inter Amnes";Entrammes;Interamnis;21815;France
5;47.44366762;0;0.49913990;Paternaco;Pernay;"Parochia Paternacensis";21816;France
5;44.63637706;0;4.25550815;"Castra Vetera?";Jaujac;Castrevieille;22213;France
5;48.22340938;0;3.73325459;"Aquis Vico";Aix-en-Othe;Aquis;22214;France
5;48.33587810;0;-1.12114239;Fluriniacum;Fleurigné;Floriniacum;22613;France
5;47.35161722;0;-0.76310985;"Calonna Vicus";Chalonnes-sur-Loire;"Cellula Calonnensis";23013;France
5;45.04597363;0;3.88554598;"Anicium Vellavorum";Puy-en-Velay;"Podium Vellavorum";23014;France
5;48.58498982;0;5.03681787;Ortus;Eurville-Bienville;"Urtis villa";23413;France
5;48.98020344;0;2.55894990;Tremollo;Tremblay-en-France;Tremblay-lès-Gonesse;23414;France
5;46.66143079;0;-0.73237848;Tergiliaco;"La Tardière";NA;23813;France
5;47.14118755;0;4.87514806;Modeliacus;Meuilley;Mailaco;24213;France
5;45.77699345;0;-0.78681639;"Sugilione Vico";Soulignonne;NA;24613;France
5;48.01679873;0;0.33178377;Campaniaco;Champagné;NA;25013;France
5;47.60398433;0;0.97238138;Sollonaco;Saunay;NA;25014;France
5;45.36635400;0;1.71440777;Sailusacumen;Seilhac;Salvieso;25015;France
5;48.98809143;0;1.79247137;Issunis;Issou;Vulcassinus;25413;France
3;42.61945347;1;-7.86310640;Arros;Arros;NA;25813;Spain
5;44.07179916;0;2.09647923;Monasterio;Monestiés;NA;25814;France
5;45.40704095;0;-0.13742427;Condatomagus;Condéon;Condeom;25815;France
5;48.20913358;0;1.18882146;Ebrora;Yèvres;Evra;25816;France
5;50.04913206;0;2.53470437;Varinnieo;Varennes-en-Argonne;Wöringen;25817;France
5;46.22356913;0;0.95920309;"Detarnaco Vico?";Darnac;NA;25818;France
5;44.51388793;0;3.33916368;"Gredonense castrum";Grèzes;Gredone;25819;France
5;46.58868175;0;1.51909606;Argentomagus;Argenton-sur-Creuse;Argentone;26213;France
5;43.95066726;0;4.80660661;Avennio;Avignon;NA;26214;France
5;44.75360701;0;5.37027250;"Dea Vocontiorum";Die;"Dea Augusta Vocontiorum";26613;France
5;47.84158759;1;0.58334798;Sabonarias;Saint-Georges-de-la-Couée;"Sancti Iorgi";27013;France
5;45.41836045;0;0.92087198;Tiverius;Thiviers;"Teverio Vico";27014;France
5;47.93041399;0;0.08533995;Eovoricum;Voivres-lès-le-Mans;Vodebris;27015;France
5;47.83178296;0;0.64693074;Venisciaco;Vancé;NA;27016;France
5;45.86115462;0;1.11504283;Graniaco;Greignac;NA;27413;France
4;46.06861096;0;0.67461681;Parducio;"Pardoussie, comm. Lessac";Pardoussie;27813;France
5;47.84673036;1;4.67732107;Masiciacus;"Maisey le Duc?";NA;27814;France
5;45.46832831;0;0.78138158;"Milico Vico";Milhac-de-Nontron;"Emelius Vicus";27815;France
5;43.96757687;0;3.43893057;Alsotea;Alzon;"Saint Martin d'Alzon";28213;France
5;49.24916664;0;-0.79888077;Campaniaco;Campigny;Campinneio;28613;France
5;47.94940047;0;1.87641893;Sarama;Saran;Saram;28614;France
5;47.80074085;0;2.13517865;"Vienna Vico";Vienne-en-Val;Ludn(...);29013;France
5;48.77126147;0;5.16237539;Caturiges;Bar-le-Duc;Barrum;29413;France
4;47.69721976;1;0.72499433;"Pagus Wastinensis";Gastine;NA;29813;France
5;46.17579883;0;2.48689603;"Evauno Vici";Évaux-les-Bains;Evaus;29814;France
5;49.38305190;0;3.34361034;"Sanctus Medardus";"Saint-Médard de Soissons";NA;29815;France
5;49.62109542;0;3.34439187;Silviaco;Servais;NA;29816;France
3;10.90942591;1;78.36652807;"Unknown (Southern India)";"Tamil Nadu";NA;30613;India
5;51.56321398;0;3.49671919;Domburg;Domburg;NA;31013;Netherlands
4;52.49999604;1;0.99999559;"Unknown (East Anglia)";NA;NA;31014;"United Kingdom"
5;30.94742377;0;61.82475280;"Zaranj (ZL)";Zaranj;Drangiana;31413;Afghanistan
5;39.65499483;0;66.97569264;Maracanda;Samarkand;Samarqand;31414;Uzbekistan
5;35.57997914;0;51.46335973;Rhagae;NA;al-Rayy;31415;Iran
5;34.43384764;0;69.79308785;Panjhīr;NA;"Banjhīr / ﭙنجهير";31813;Afghanistan
5;31.55351367;0;49.00771609;"Al- Sus";NA;NA;32214;Iran
5;35.67765962;0;51.70758471;"Al- Qaṣrān";NA;"al-Sīrājān, Shīrayān";32215;Iran
5;36.2105896;0;58.79227395;Abrashahr;NA;أبرشهر;32613;Iran
5;12.38990850;0;43.11119200;Perusia;Perugia;NA;34213;Djibouti
3;54.56435160;1;32.64753140;"AW/AR (?)";"Unknown (Sassanian)";NA;34613;Russia
3;7.52312800;1;49.65118200;"Unknown (West Central Europe)";NA;NA;35413;Somalia
3;21.68355400;1;34.68460500;"Unknown (Eastern Central Mediterranean)";NA;NA;35414;Sudan
3;29.42309300;1;34.10441400;"Unknown (Eastern Mediterranean)";NA;NA;35415;Egypt
3;16.31864600;1;42.33976800;"Unknown (around the Adriatic)";NA;NA;35416;Yemen
3;28.30395000;1;40.69248300;"Unknown (Propontis)";NA;NA;35417;"Saudi Arabia"
5;30.74327369;0;29.37396980;Fayyum;Fayyum;Limni;35814;Egypt
5;36.67166700;0;35.63861100;al-Ma'arrah;"Maarat al-Numan";NA;35815;Turkey
3;15.67787400;1;33.48357200;"Unknown (Africa)";NA;NA;36213;Sudan
3;18.31101300;1;35.61879100;"Unknown (Central Mediterranean)";NA;NA;36613;Sudan
5;26.15840100;0;39.75028100;"Alexandria Troas";Dalyan;NA;36614;"Saudi Arabia"
3;18.883848;1;38.366156;?;"Comitatensian mint";NA;36615;Sudan
3;52.52;1;13.405;"Unknown (Germany)";NA;NA;37814;Germany
5;51.088;0;11.6286;"Bad Sulza";"Bad Sulza";NA;37815;Germany
4;48.3;1;42.05;Arrān;Derbent;أران;38213;Russia
4;51.6675;1;32.644722;al-Taymara;NA;"Shaqq al-Taymara // التيمره";38214;Ukraine
4;49.37;1;35.87;Dastawā;NA;دستوا;38215;Ukraine
4;54.112806;1;35.951056;Qumis;"Shahr-e Qumis";قومس;38216;Russia
4;48.2;1;31.6;Manadhir;NA;مناذر;38217;Ukraine
4;48.664722;1;30.649722;Surraq;NA;سرق;38218;Ukraine
5;39.083333;0;63.566667;"Amul (AMW), Khorasan";Turkmenabat;NA;38613;Turkmenistan
3;34.991502;1;51.318151;"Eran-asan-kar-Kawad?/Eran-win(n)ard-Kawad?/Eran-khwarrah-Yazdgerd? (AYL[later])";NA;NA;38615;Iran
3;33.272427;1;47.986912;"Eran-asan-kar-Kawad?/Eran-Khwarrah-Shapur? (AYLAN)";Harsin?/Susa?;NA;38616;Iran
3;33.713192;1;52.957918;"? (BŠHP/BŠHPW)";NA;NA;38617;Iran
4;29.9808333;1;52.9094444444444;"?, Fars (BWB)";Fars;NA;38618;Iran
5;28.5;0;53.560556;"Gahrum (GHL)";Jahrum;Jahrom;39013;Iran
3;30.286078;1;57.06556;"Ganj/Ganzak? (GNCKL)";NA;NA;39014;Iran
5;28.260125;0;53.980722;"Guwaim, Fars (GW[earlier]/GWDMY)";Juyom;Joyom;39015;Iran
3;33.580407;1;53.478092;"? (H)";NA;NA;39016;Iran
5;30.054698;0;54.373675;"Herat, Istakhr, Fars (HL[earlier])";Harat;Tajabad;39017;Iran
5;31.883324;0;44.449851;"Al-Hira, Asuristan (HYL)";Kufa;NA;39018;Iraq
3;33.2277;1;53.42874;"? (KWN BBA)";NA;NA;39019;Iran
5;36.683333;0;67.683333;"Kholm (HLM)";Kholm;Khulm;39020;Afghanistan
4;30.8723337;1;55.2716302;"Royan, Fars (LWD/LWDY)";Ar-Rudan?;Rudhan;39021;Iran
3;33.305836;1;53.017907;"? (NAL/WAL)";NA;NA;39022;Iran
5;28.292259;0;55.192565;"Purg (PW/PWLGY)";Forg;Furk;39023;Iran
3;32.880226;1;54.090996;"? (ŠLK)";NA;NA;39024;Iran
3;32.637706;1;54.356276;"? (WLC)";NA;NA;39026;Iran
3;32.841763;1;53.735089;"? (S)";NA;NA;39027;Iran
3;36.2748;0;114.4002;"Unknown (Northern Qi dynasty)";NA;NA;40213;China
3;34.308333;1;108.858333;"Unknown (Tang Dynasty)";NA;NA;40613;China
3;34.308333;1;108.858333;"Unknown (Sui Dynasty)";NA;NA;41013;China
3;34.6197;1;112.4539;"Unknown (Chinese)";NA;NA;41014;China
5;42.852778;0;89.529167;Gaochang;Khocho;Qocho;41413;China
3;34.691111;0;135.795556;"Unknown (Japanese)";NA;NA;41414;Japan
5;49.3367;0;5.1822;Briodurum;Brieulles-sur-Meuse;NA;41813;France
4;47.3458;0;2.4878;Ivegio;Ivoy-le-Pre;NA;42213;France
5;49.15;0;0.23;Lexsovias;"Lisieux, Calvados";NA;42613;France
3;48;1;2;Orione;Orione;"'Unknown mint west of Paris""";42614;France
3;33.511612;1;36.309102;Pseudo-Damascus;"Unknown (Greater Syria)";NA;43013;Syria
3;33.511612;1;36.309102;"Al Wafa liLlah (الوفا للّه)";"Unknown (Greater Syria)";NA;43014;Syria
3;33.713192;1;52.957918;"? (BNG)";NA;NA;43413;Iran
3;33.713192;1;52.957918;"? (ŠM)";NA;NA;43414;Iran
3;0;1;0;Saxobacio;NA;NA;43813;(Any)
4;31.280274;0;47.492662;Abarqubadh;"Unknown (Maysan Governorate)";Abar-Kawad;44213;Iraq
4;37.8845813;0;-4.7760138;Al-Andalus;Cordoba;NA;44613;Spain
5;36.7581256;0;66.8980826;Al-Mubaraka;Balkh;NA;44614;Afghanistan
3;33.0955793;1;44.1749775;Al-Samiya;"Unknown (Iraq)";NA;44615;Iraq
4;35.677222;0;10.100833;Ifrīqīya;"Unknown (Tunis)";NA;45013;Tunisia
4;36.4447222;1;47.9013888888889;Mahi;Nahavand/Dinavar;Mahay;45014;Iran
5;33.3061701;0;44.3872213;"Madinat al-Salam";Baghdad;NA;45413;Iraq
4;32.03444;1;44.4031125;Al-Hashimiya;Kufa;NA;45414;Iraq
3;42.261111;1;44.121111;"Unknown (Caucasus)";NA;NA;45813;Georgia
5;35.9875;0;37.042778;Kinnasrin;Qinnasrin;NA;45814;Syria
5;45.361944;0;36.471111;Panticapaeum;Kerch;NA;46213;Russia
3;42.261111;1;44.121111;ZWZWN;"Unknown (Caucasus)";NA;46613;Georgia
4;30.4952371;1;47.8090981;Al-Furat;Basra;NA;47013;Iraq
4;33.526354628096;0;68.4179079304021;"Unknown (Nezak)";NA;NA;47413;Afghanistan
3;33.713192;1;52.957918;"? (LYN)";NA;NA;47414;Iran
5;33.7474551;0;72.8073364;Taxila;Taxila;NA;47813;Pakistan
4;34.4785637865307;1;70.5073377020833;"Unknown Kushano-Sassanian mint (S. of Hindu Kush)";Begram/Peshawar;NA;47814;Afghanistan
4;33.756;1;72.8291;"Unlocalized Kidarite Mint";Gandhara;NA;47815;Pakistan
4;32.1;0;67.1;"Unknown (Zabulistan)";NA;NA;48613;Afghanistan
5;36.5425;0;61.158889;Sarahs;Sarakhs;NA;49013;Iran
4;33.3542328411738;1;44.5652945736612;"Khusrau-Shâdh Hurmuz";Baghdad;NA;49014;Iraq
4;42.189608;1;59.326172;"Unknown (Khwarazm)";NA;Chorasmia;49413;Turkmenistan
4;33.34058;1;44.40088;Nahrbuq;Baghdad;NA;49813;Iraq
3;36.758056;1;66.898056;"Unknown (Hephthalite)";NA;NA;50213;Afghanistan
4;37.2442466;1;67.283151;"Unknown (Termiz)";Termez;NA;50613;Uzbekistan
5;39.766667;0;64.423056;Bukhara;Bukhara;NA;51013;Uzbekistan
5;38.1898889;0;67.9176111111111;Chaganiyan;Budrach;Jumatepa;51413;Uzbekistan
3;40.4;1;69.4;"Unknown (Sogdian)";NA;NA;51813;Tajikistan
3;21;1;78;"Unknown (India)";India;NA;52213;India
4;34;1;69;"Unknown (Kabulistan)";Kabul;NA;52214;Afghanistan
4;33.756;1;72.8291;"Unlocalized Alchon mint";Gandhara;NA;52613;Pakistan
5;31.6647972122;0;34.5505214667;Ascalon;Ashkelon;Ashqelon;53013;Israel
3;47.5;1;17.5;"Unknown (Pannonia)";NA;NA;53413;Hungary
5;41.3123363;0;69.2787079;Chach;Tashkent;Binkat;53813;Uzbekistan
5;39.770278;0;68.798889;Ustrushana;Bunjikat;Shahriston;53814;Tajikistan
3;39.8986218150631;1;64.8986028687959;"Unknown (Central Asia)";NA;NA;53815;Uzbekistan
5;39.49524;0;67.60931;Pendzhikent;Panjakent;Penjikent;53816;Tajikistan
5;40.3764879;0;71.7913193;Ferghana;Ferghana;Fergana;53817;Uzbekistan
5;41.3530181;0;69.5533153;Kabarna;Kavardan;NA;54213;Uzbekistan
3;47.6406122005003;1;0.66315244322559;Climania;NA;NA;54613;France
5;27.7103;0;85.3222;Koligram;Kathmandu;NA;55013;Nepal
5;1.8499;0;43.6914;"Nalanda Mahavihara";Nalanda;NA;55014;Somalia
4;30.1864;0;71.4886;Multan;Multan;NA;55015;Pakistan
4;27.0514;0;79.9137;Kannauj;Kannauj;NA;55016;India
5;21.8902;0;71.8763;Vallabhi;Vallabhipur;Vallabhipura;55017;India
5;14.5333;0;75.0158;Banavasi;Banavasi;NA;55018;India
5;25.7662;0;78.2391;Padmavati;Pawaya;Gwalior;55019;India
5;34.5553;0;69.2075;Kabul;Kabul;NA;55020;Afghanistan
5;24.093846;0;78.172695;Eran;Eran;NA;55021;India
5;23.1765;0;75.7885;Ujjain;Ujjain;NA;55022;India
4;22.3752;0;91.8349;Harikela;Chittagong;NA;55023;Bangladesh
4;23.4498;0;91.1847;Samatata;Comilla;Cumilla;55024;Bangladesh
5;14.4276;0;99.8795;Uthong;"U Thong";"Mueang Uthong";55025;Thailand
5;18.81612;0;95.29176;"Sri Ksetra";"Hmaw Zar";Pyay;55026;Myanmar
5;20.0053;0;95.3783;Beikthano;Taungdwingyi;NA;55027;Myanmar
5;22.481667;0;95.8;Hanlin;Shwebo;Halin;55028;Myanmar
4;20.5861111211;0;93.1905555656;Waithali;Mrauk-U;Vesali;55029;Myanmar
3;24.7514;0;67.5213;Banbhore;Karachi;Bhambhore;55030;Pakistan
3;25.881111;0;68.776944;Mansura;Shahdadpur;Brahmanabad;55031;Pakistan
5;34.416667;0;72.25;"Kashmir Smast";Pirsai;"Kashmir Smats";55032;Pakistan
5;21.712;0;72.993;Bharuch;Bharuch;"Barigaza (Latin)";55033;India
3;25;0;72.25;Bhinmal;Bhinmal;Bhillamala;55034;India
3;23.22;0;72.655;Gujarat;Gujarat;NA;55035;India
3;26.6;0;73.8;Rajasthan;Rajasthan;NA;55036;India
3;30.79;0;75.84;Punjab;Punjab;NA;55037;India
3;22.9734;0;78.6569;"Madhya Pradesh";"Madhya Pradesh";NA;55038;India
3;27.5706;0;80.0982;"Uttar Pradesh";"Uttar Pradesh";NA;55039;India
3;25.9644;0;85.2722;Bihar;Bihar;NA;55040;India
3;21.2787;0;81.8661;Chhattisgarh;Chhattisgarh;NA;55041;India
3;18.97;0;72.82;Maharashtra;Maharashtra;NA;55042;India
3;7.8731;0;80.7718;Taprobana;"Sri Lanka";Taprobane;55043;"Sri Lanka"
3;7.8731;0;80.7718;Taprobana;"Sri Lanka";Taprobane;55044;"Sri Lanka"
3;25.8943;0;68.5247;Sindh;Sindh;Sind;55045;Pakistan
3;33.2778;0;75.3412;"Jammu and Kashmir";"Jammu and Kashmir";NA;55046;Pakistan
3;20.9754;0;85.7513;Odisha;Odisha;Orissa;55047;India
3;32.1024;0;77.5619;"Himachal Pradesh";"Himachal Pradesh";NA;55048;India
3;28.4907;0;65.0958;Balochistan;Balochistan;NA;55049;Pakistan
3;22.9868;0;87.855;"West Bengal";"West Bengal";NA;55050;India
3;26.2006;0;92.9376;Assam;Assam;NA;55051;India
3;15.3173;0;75.7139;Karnataka;Karnataka;NA;55052;India
3;34.2268;0;77.5619;Ladakh;Ladakh;NA;55053;India
3;15.9129;0;79.74;"Andhra Pradesh";"Andhra Pradesh";NA;55054;India
3;23.5639;0;91.6761;Tripura;Tripura;NA;55055;India
3;23.6913;0;85.2722;Jharkhand;Jharkhand;NA;55056;India
3;34.9526;0;72.3311;"Khyber Pakhtunkhwa";"Khyber Pakhtunkhwa";"North-West Frontier Province";55057;Pakistan
3;35.8026;0;74.9832;Gilgit-Baltistan;Gilgit-Baltistan;NA;55058;Pakistan
