"Mid Year";;"NGRIP2";"AN";"RECAP";
"Yb1950 (ybp)";"BCE(-)/CE(+)";"pbPb flux (ug/m2/y)";"pbPb flux (ug/m2/y)";"pbPb flux (ug/m2/y)";
2448,5;-500,5;0,143;3,020;1,745;""
2447,5;-499,5;0,130;4,371;0,740;""
2446,5;-498,5;0,228;0,915;0,308;""
2445,5;-497,5;0,362;0,999;1,582;""
2444,5;-496,5;0,296;1,175;1,260;""
2443,5;-495,5;0,164;0,342;1,317;""
2442,5;-494,5;0,207;0,146;1,209;""
2441,5;-493,5;0,174;;2,050;""
2440,5;-492,5;0,218;0,539;0,958;""
2439,5;-491,5;0,203;0,331;1,991;""
2438,5;-490,5;0,126;1,065;0,732;""
2437,5;-489,5;0,232;0,007;1,829;""
2436,5;-488,5;0,410;;1,957;""
2435,5;-487,5;0,385;1,348;0,888;""
2434,5;-486,5;0,315;;1,410;""
2433,5;-485,5;0,161;0,815;2,679;""
2432,5;-484,5;0,114;;1,704;""
2431,5;-483,5;0,210;0,286;0,841;""
2430,5;-482,5;0,260;2,728;1,406;""
2429,5;-481,5;0,229;0,818;1,458;""
2428,5;-480,5;0,131;0,711;1,012;""
2427,5;-479,5;0,109;;1,192;""
2426,5;-478,5;0,245;;0,723;""
2425,5;-477,5;0,304;;1,445;""
2424,5;-476,5;1,491;2,024;0,607;""
2423,5;-475,5;;0,485;0,598;""
2422,5;-474,5;0,501;;1,561;""
2421,5;-473,5;0,354;;1,070;""
2420,5;-472,5;0,536;;2,418;""
2419,5;-471,5;0,381;0,070;1,084;""
2418,5;-470,5;0,205;;0,772;""
2417,5;-469,5;0,183;;1,015;""
2416,5;-468,5;0,211;1,262;1,585;""
2415,5;-467,5;0,183;0,332;1,553;""
2414,5;-466,5;0,274;0,161;0,981;""
2413,5;-465,5;0,186;0,595;0,126;""
2412,5;-464,5;0,239;0,430;1,162;""
2411,5;-463,5;0,195;0,906;1,267;""
2410,5;-462,5;0,299;0,283;0,756;""
2409,5;-461,5;0,192;2,160;1,979;""
2408,5;-460,5;0,231;0,427;1,501;""
2407,5;-459,5;0,277;3,370;4,242;""
2406,5;-458,5;0,127;5,127;1,699;""
2405,5;-457,5;0,248;3,695;0,881;""
2404,5;-456,5;0,140;1,375;0,137;""
2403,5;-455,5;0,128;1,498;0,578;""
2402,5;-454,5;0,265;0,667;0,834;""
2401,5;-453,5;0,175;;1,095;""
2400,5;-452,5;0,109;2,039;0,603;""
2399,5;-451,5;0,095;3,273;1,298;""
2398,5;-450,5;0,088;2,268;0,560;""
2397,5;-449,5;0,234;1,730;0,065;""
2396,5;-448,5;0,103;0,264;0,421;""
2395,5;-447,5;0,281;0,113;0,992;""
2394,5;-446,5;0,299;0,648;1,101;""
2393,5;-445,5;0,105;0,285;0,938;""
2392,5;-444,5;0,276;0,578;1,022;""
2391,5;-443,5;0,134;1,802;0,647;""
2390,5;-442,5;0,142;2,297;1,678;""
2389,5;-441,5;0,078;0,941;1,562;""
2388,5;-440,5;0,053;1,150;0,478;""
2387,5;-439,5;0,137;0,853;0,568;""
2386,5;-438,5;0,103;0,689;1,999;""
2385,5;-437,5;0,122;7,967;;""
2384,5;-436,5;0,183;2,638;;""
2383,5;-435,5;1,685;0,920;0,575;""
2382,5;-434,5;0,305;0,462;;""
2381,5;-433,5;0,034;0,684;;""
2380,5;-432,5;0,229;1,967;1,047;""
2379,5;-431,5;0,280;1,029;0,844;""
2378,5;-430,5;0,181;1,503;1,229;""
2377,5;-429,5;0,227;;2,809;""
2376,5;-428,5;0,220;1,733;;""
2375,5;-427,5;0,220;1,464;0,262;""
2374,5;-426,5;0,157;2,068;0,685;""
2373,5;-425,5;0,135;0,981;0,547;""
2372,5;-424,5;0,160;0,203;1,269;""
2371,5;-423,5;0,275;3,398;0,371;""
2370,5;-422,5;0,186;2,380;;""
2369,5;-421,5;0,107;0,609;;""
2368,5;-420,5;0,264;3,732;;""
2367,5;-419,5;0,284;3,786;0,317;""
2366,5;-418,5;0,133;1,438;0,974;""
2365,5;-417,5;0,117;0,573;;""
2364,5;-416,5;0,103;0,325;0,053;""
2363,5;-415,5;0,143;1,026;0,789;""
2362,5;-414,5;0,012;0,305;0,497;""
2361,5;-413,5;0,118;0,121;0,241;""
2360,5;-412,5;0,240;1,744;0,186;""
2359,5;-411,5;0,101;0,405;0,588;""
2358,5;-410,5;0,079;0,338;0,007;""
2357,5;-409,5;0,106;0,033;0,249;""
2356,5;-408,5;0,192;;0,597;""
2355,5;-407,5;0,117;0,903;0,848;""
2354,5;-406,5;0,080;0,178;0,622;""
2353,5;-405,5;0,123;;0,497;""
2352,5;-404,5;0,351;1,385;0,791;""
2351,5;-403,5;0,248;1,147;0,333;""
2350,5;-402,5;0,115;0,011;0,197;""
2349,5;-401,5;0,076;0,617;0,733;""
2348,5;-400,5;0,092;0,944;0,163;""
2347,5;-399,5;0,135;0,760;0,335;""
2346,5;-398,5;0,231;0,464;;""
2345,5;-397,5;0,126;0,657;1,121;""
2344,5;-396,5;0,390;7,247;;""
2343,5;-395,5;0,170;1,226;0,797;""
2342,5;-394,5;0,536;;1,409;""
2341,5;-393,5;0,376;0,441;0,519;""
2340,5;-392,5;0,206;0,542;1,204;""
2339,5;-391,5;0,157;0,781;;""
2338,5;-390,5;0,123;0,860;0,773;""
2337,5;-389,5;0,110;0,331;12,904;""
2336,5;-388,5;0,072;0,684;4,600;""
2335,5;-387,5;0,171;0,500;1,030;""
2334,5;-386,5;0,150;1,563;0,459;""
2333,5;-385,5;0,081;0,409;0,702;""
2332,5;-384,5;0,145;0,050;;""
2331,5;-383,5;0,162;0,328;0,806;""
2330,5;-382,5;0,223;0,769;0,754;""
2329,5;-381,5;0,175;1,574;;""
2328,5;-380,5;0,229;11,079;;""
2327,5;-379,5;0,141;1,543;0,368;""
2326,5;-378,5;0,158;3,551;0,679;""
2325,5;-377,5;0,074;1,645;0,963;""
2324,5;-376,5;0,114;0,779;0,299;""
2323,5;-375,5;0,062;0,391;0,577;""
2322,5;-374,5;0,067;0,281;1,235;""
2321,5;-373,5;0,057;0,344;0,864;""
2320,5;-372,5;0,153;0,706;0,595;""
2319,5;-371,5;0,071;0,138;0,849;""
2318,5;-370,5;0,131;5,739;0,726;""
2317,5;-369,5;0,179;1,301;0,039;""
2316,5;-368,5;0,123;18,441;0,436;""
2315,5;-367,5;0,067;1,857;;""
2314,5;-366,5;0,353;1,198;0,601;""
2313,5;-365,5;0,165;0,216;0,695;""
2312,5;-364,5;0,076;0,465;1,337;""
2311,5;-363,5;0,053;0,271;1,807;""
2310,5;-362,5;0,080;1,074;1,848;""
2309,5;-361,5;0,171;1,114;1,216;""
2308,5;-360,5;0,124;0,673;0,522;""
2307,5;-359,5;0,098;0,741;0,559;""
2306,5;-358,5;0,044;0,246;1,243;""
2305,5;-357,5;0,023;1,421;1,605;""
2304,5;-356,5;0,055;2,304;0,024;""
2303,5;-355,5;0,120;0,423;0,024;""
2302,5;-354,5;0,025;0,359;0,024;""
2301,5;-353,5;0,053;;0,024;""
2300,5;-352,5;0,056;;1,178;""
2299,5;-351,5;0,083;;0,746;""
2298,5;-350,5;0,201;4,573;0,861;""
2297,5;-349,5;0,207;2,174;0,246;""
2296,5;-348,5;0,113;0,673;0,613;""
2295,5;-347,5;0,223;0,216;1,099;""
2294,5;-346,5;0,326;0,006;0,130;""
2293,5;-345,5;0,137;0,161;0,717;""
2292,5;-344,5;0,118;0,329;1,026;""
2291,5;-343,5;0,163;1,273;1,097;""
2290,5;-342,5;0,233;0,733;0,450;""
2289,5;-341,5;0,151;0,590;0,620;""
2288,5;-340,5;;0,426;6,443;""
2287,5;-339,5;;1,194;14,015;""
2286,5;-338,5;;0,941;1,971;""
2285,5;-337,5;;0,478;0,811;""
2284,5;-336,5;;0,530;1,199;""
2283,5;-335,5;1,424;;1,108;""
2282,5;-334,5;1,183;;2,068;""
2281,5;-333,5;0,341;0,364;1,855;""
2280,5;-332,5;0,239;2,964;2,269;""
2279,5;-331,5;0,225;1,168;0,530;""
2278,5;-330,5;0,528;1,377;1,180;""
2277,5;-329,5;0,555;3,514;0,643;""
2276,5;-328,5;0,294;0,441;0,565;""
2275,5;-327,5;0,304;0,776;0,578;""
2274,5;-326,5;0,185;0,132;0,255;""
2273,5;-325,5;0,060;9,086;;""
2272,5;-324,5;0,394;12,024;;""
2271,5;-323,5;0,127;1,194;1,725;""
2270,5;-322,5;0,090;1,476;1,138;""
2269,5;-321,5;0,247;1,208;1,163;""
2268,5;-320,5;0,198;0,432;1,597;""
2267,5;-319,5;0,179;0,539;4,131;""
2266,5;-318,5;0,213;;3,363;""
2265,5;-317,5;0,185;1,220;1,597;""
2264,5;-316,5;0,580;0,853;1,671;""
2263,5;-315,5;0,252;0,140;0,480;""
2262,5;-314,5;0,376;0,575;0,682;""
2261,5;-313,5;0,333;2,257;0,694;""
2260,5;-312,5;0,293;0,876;0,748;""
2259,5;-311,5;0,185;0,554;;""
2258,5;-310,5;0,369;0,404;0,495;""
2257,5;-309,5;0,508;0,419;3,230;""
2256,5;-308,5;0,225;0,502;0,145;""
2255,5;-307,5;0,308;0,783;0,468;""
2254,5;-306,5;0,245;0,138;1,256;""
2253,5;-305,5;0,333;0,760;0,757;""
2252,5;-304,5;0,139;0,739;0,547;""
2251,5;-303,5;0,147;0,869;0,034;""
2250,5;-302,5;0,161;1,929;0,243;""
2249,5;-301,5;0,281;1,576;0,459;""
2248,5;-300,5;0,273;1,767;0,861;""
2247,5;-299,5;0,193;1,690;0,794;""
2246,5;-298,5;0,267;1,164;0,346;""
2245,5;-297,5;0,221;1,322;0,053;""
2244,5;-296,5;0,348;1,409;0,257;""
2243,5;-295,5;0,341;2,935;0,955;""
2242,5;-294,5;0,450;0,475;0,257;""
2241,5;-293,5;0,314;0,941;0,418;""
2240,5;-292,5;0,300;1,598;0,808;""
2239,5;-291,5;0,286;1,926;0,024;""
2238,5;-290,5;0,386;2,344;0,024;""
2237,5;-289,5;0,252;1,302;1,199;""
2236,5;-288,5;0,206;0,931;1,719;""
2235,5;-287,5;0,191;0,625;0,674;""
2234,5;-286,5;0,343;0,611;0,287;""
2233,5;-285,5;0,726;0,981;0,388;""
2232,5;-284,5;0,257;0,875;0,337;""
2231,5;-283,5;0,224;0,993;1,201;""
2230,5;-282,5;0,482;1,311;1,409;""
2229,5;-281,5;0,300;1,299;0,691;""
2228,5;-280,5;0,215;0,725;1,636;""
2227,5;-279,5;0,229;1,090;1,694;""
2226,5;-278,5;0,302;4,233;0,696;""
2225,5;-277,5;0,204;1,937;0,136;""
2224,5;-276,5;0,182;5,786;0,060;""
2223,5;-275,5;0,274;1,667;;""
2222,5;-274,5;0,360;0,827;;""
2221,5;-273,5;0,239;1,243;0,551;""
2220,5;-272,5;0,346;0,903;;""
2219,5;-271,5;0,549;0,103;;""
2218,5;-270,5;0,342;2,706;0,608;""
2217,5;-269,5;0,326;2,406;0,554;""
2216,5;-268,5;0,235;1,282;0,101;""
2215,5;-267,5;0,210;0,471;0,390;""
2214,5;-266,5;0,268;0,827;0,024;""
2213,5;-265,5;0,309;1,402;0,904;""
2212,5;-264,5;;2,370;;""
2211,5;-263,5;0,360;0,953;0,302;""
2210,5;-262,5;0,306;0,517;2,320;""
2209,5;-261,5;0,291;0,869;1,483;""
2208,5;-260,5;0,456;0,652;0,277;""
2207,5;-259,5;0,339;0,635;;""
2206,5;-258,5;0,248;0,813;;""
2205,5;-257,5;0,385;4,631;0,173;""
2204,5;-256,5;0,479;1,233;0,617;""
2203,5;-255,5;0,403;0,981;0,640;""
2202,5;-254,5;0,312;;0,442;""
2201,5;-253,5;0,348;0,337;;""
2200,5;-252,5;0,983;1,319;0,731;""
2199,5;-251,5;0,384;0,249;0,248;""
2198,5;-250,5;0,537;0,525;1,532;""
2197,5;-249,5;0,350;1,564;0,621;""
2196,5;-248,5;0,523;1,293;;""
2195,5;-247,5;0,352;1,259;0,828;""
2194,5;-246,5;0,316;1,158;0,024;""
2193,5;-245,5;0,509;0,569;0,024;""
2192,5;-244,5;0,362;1,636;0,024;""
2191,5;-243,5;0,197;3,692;0,024;""
2190,5;-242,5;0,387;1,091;0,024;""
2189,5;-241,5;0,211;1,705;1,224;""
2188,5;-240,5;0,352;4,270;1,538;""
2187,5;-239,5;0,271;2,190;1,906;""
2186,5;-238,5;0,191;3,099;0,671;""
2185,5;-237,5;0,298;0,602;0,289;""
2184,5;-236,5;0,473;3,878;0,546;""
2183,5;-235,5;0,240;0,349;0,701;""
2182,5;-234,5;0,254;0,227;1,501;""
2181,5;-233,5;0,151;0,099;0,652;""
2180,5;-232,5;0,157;0,157;1,052;""
2179,5;-231,5;0,209;0,532;0,341;""
2178,5;-230,5;0,183;0,946;;""
2177,5;-229,5;0,364;3,918;0,227;""
2176,5;-228,5;0,234;5,411;0,303;""
2175,5;-227,5;0,177;;0,084;""
2174,5;-226,5;;6,860;0,616;""
2173,5;-225,5;0,084;0,896;0,560;""
2172,5;-224,5;0,163;0,476;0,935;""
2171,5;-223,5;0,347;0,163;;""
2170,5;-222,5;0,303;1,368;;""
2169,5;-221,5;0,367;21,070;;""
2168,5;-220,5;0,336;;0,024;""
2167,5;-219,5;0,242;3,438;;""
2166,5;-218,5;0,271;;;""
2165,5;-217,5;0,280;3,373;0,312;""
2164,5;-216,5;0,221;1,626;0,297;""
2163,5;-215,5;0,180;1,349;2,516;""
2162,5;-214,5;;2,184;1,959;""
2161,5;-213,5;0,274;1,041;1,833;""
2160,5;-212,5;;1,421;2,619;""
2159,5;-211,5;0,082;5,244;1,265;""
2158,5;-210,5;0,165;3,620;0,292;""
2157,5;-209,5;0,079;1,171;;""
2156,5;-208,5;1,959;2,390;0,365;""
2155,5;-207,5;0,775;0,399;0,329;""
2154,5;-206,5;0,489;1,227;1,296;""
2153,5;-205,5;0,572;0,897;1,044;""
2152,5;-204,5;0,368;3,088;0,610;""
2151,5;-203,5;1,516;0,796;0,024;""
2150,5;-202,5;1,219;0,565;0,024;""
2149,5;-201,5;0,373;;0,024;""
2148,5;-200,5;0,384;;0,431;""
2147,5;-199,5;0,368;0,052;1,899;""
2146,5;-198,5;0,295;0,331;1,399;""
2145,5;-197,5;0,201;0,379;0,784;""
2144,5;-196,5;0,362;2,374;0,171;""
2143,5;-195,5;0,402;1,068;0,408;""
2142,5;-194,5;0,277;;1,025;""
2141,5;-193,5;0,288;0,408;0,704;""
2140,5;-192,5;0,993;0,761;1,546;""
2139,5;-191,5;0,277;3,349;6,232;""
2138,5;-190,5;0,145;;2,245;""
2137,5;-189,5;0,183;0,698;1,962;""
2136,5;-188,5;0,263;2,293;2,754;""
2135,5;-187,5;0,361;10,061;0,909;""
2134,5;-186,5;0,633;1,274;0,495;""
2133,5;-185,5;0,425;1,173;0,773;""
2132,5;-184,5;0,391;0,046;0,981;""
2131,5;-183,5;;;1,063;""
2130,5;-182,5;;;1,054;""
2129,5;-181,5;0,254;;0,840;""
2128,5;-180,5;0,353;0,136;0,596;""
2127,5;-179,5;0,496;;;""
2126,5;-178,5;0,241;0,440;;""
2125,5;-177,5;0,202;;2,824;""
2124,5;-176,5;0,243;;1,296;""
2123,5;-175,5;0,138;0,699;1,713;""
2122,5;-174,5;0,297;0,095;1,675;""
2121,5;-173,5;0,341;0,205;2,173;""
2120,5;-172,5;0,249;0,131;2,397;""
2119,5;-171,5;0,259;18,540;0,820;""
2118,5;-170,5;0,206;;1,416;""
2117,5;-169,5;0,269;23,657;2,146;""
2116,5;-168,5;0,228;4,845;1,217;""
2115,5;-167,5;0,419;18,035;0,630;""
2114,5;-166,5;0,337;9,839;2,144;""
2113,5;-165,5;0,180;3,546;15,489;""
2112,5;-164,5;0,122;0,768;12,679;""
2111,5;-163,5;0,128;0,887;0,947;""
2110,5;-162,5;0,253;0,957;0,792;""
2109,5;-161,5;0,402;1,228;1,530;""
2108,5;-160,5;0,482;4,233;1,766;""
2107,5;-159,5;0,333;0,701;2,726;""
2106,5;-158,5;0,269;0,164;0,210;""
2105,5;-157,5;0,411;15,730;1,223;""
2104,5;-156,5;0,349;1,695;1,355;""
2103,5;-155,5;0,686;1,463;0,000;""
2102,5;-154,5;0,447;0,053;0,684;""
2101,5;-153,5;0,230;;0,260;""
2100,5;-152,5;0,205;5,857;0,145;""
2099,5;-151,5;0,303;3,820;1,235;""
2098,5;-150,5;0,682;1,763;1,966;""
2097,5;-149,5;0,593;1,035;2,858;""
2096,5;-148,5;0,855;0,732;1,683;""
2095,5;-147,5;0,565;1,282;2,558;""
2094,5;-146,5;0,525;0,708;2,083;""
2093,5;-145,5;0,296;0,336;2,213;""
2092,5;-144,5;0,513;0,152;2,262;""
2091,5;-143,5;0,308;2,385;0,601;""
2090,5;-142,5;0,494;3,086;1,055;""
2089,5;-141,5;0,357;3,272;4,702;""
2088,5;-140,5;0,386;0,981;5,031;""
2087,5;-139,5;0,437;1,592;4,871;""
2086,5;-138,5;0,179;2,395;1,183;""
2085,5;-137,5;0,164;3,251;1,862;""
2084,5;-136,5;0,817;0,732;1,077;""
2083,5;-135,5;0,798;1,449;2,359;""
2082,5;-134,5;0,316;5,310;3,025;""
2081,5;-133,5;0,471;3,700;2,995;""
2080,5;-132,5;0,300;3,468;2,494;""
2079,5;-131,5;0,398;2,075;1,793;""
2078,5;-130,5;1,176;2,368;3,379;""
2077,5;-129,5;1,509;2,019;6,263;""
2076,5;-128,5;0,562;1,537;6,947;""
2075,5;-127,5;0,488;1,820;3,961;""
2074,5;-126,5;0,501;3,136;2,199;""
2073,5;-125,5;0,680;4,514;1,700;""
2072,5;-124,5;0,272;0,666;1,270;""
2071,5;-123,5;0,363;1,537;1,469;""
2070,5;-122,5;0,619;2,145;2,273;""
2069,5;-121,5;0,465;1,015;1,009;""
2068,5;-120,5;0,638;1,666;1,682;""
2067,5;-119,5;0,508;2,105;1,087;""
2066,5;-118,5;0,265;2,702;1,588;""
2065,5;-117,5;0,515;1,356;1,740;""
2064,5;-116,5;0,287;1,571;2,271;""
2063,5;-115,5;0,268;2,199;7,299;""
2062,5;-114,5;0,227;1,286;1,720;""
2061,5;-113,5;0,532;5,377;1,414;""
2060,5;-112,5;0,469;6,028;1,561;""
2059,5;-111,5;0,261;4,006;1,624;""
2058,5;-110,5;0,180;6,630;2,791;""
2057,5;-109,5;0,508;10,113;1,995;""
2056,5;-108,5;0,536;3,291;1,310;""
2055,5;-107,5;0,310;1,581;1,452;""
2054,5;-106,5;0,210;1,097;1,575;""
2053,5;-105,5;0,580;1,109;2,355;""
2052,5;-104,5;0,357;1,108;1,380;""
2051,5;-103,5;0,189;1,612;0,793;""
2050,5;-102,5;0,101;1,214;0,694;""
2049,5;-101,5;0,243;2,572;0,778;""
2048,5;-100,5;0,125;1,803;0,919;""
2047,5;-99,5;0,249;1,017;0,021;""
2046,5;-98,5;0,197;1,349;;""
2045,5;-97,5;0,134;0,318;2,535;""
2044,5;-96,5;0,272;1,249;0,567;""
2043,5;-95,5;0,165;;0,901;""
2042,5;-94,5;0,282;0,379;1,027;""
2041,5;-93,5;0,141;0,282;0,634;""
2040,5;-92,5;0,129;;2,532;""
2039,5;-91,5;0,168;;1,166;""
2038,5;-90,5;0,317;0,773;0,995;""
2037,5;-89,5;0,256;0,884;0,919;""
2036,5;-88,5;0,203;0,191;2,176;""
2035,5;-87,5;0,141;;7,925;""
2034,5;-86,5;0,208;1,247;2,756;""
2033,5;-85,5;0,267;;2,015;""
2032,5;-84,5;0,208;1,982;1,407;""
2031,5;-83,5;0,771;0,636;3,120;""
2030,5;-82,5;0,122;0,566;3,603;""
2029,5;-81,5;0,196;0,653;3,897;""
2028,5;-80,5;0,298;1,443;1,368;""
2027,5;-79,5;0,232;1,786;0,709;""
2026,5;-78,5;0,106;1,271;0,393;""
2025,5;-77,5;0,030;1,111;0,661;""
2024,5;-76,5;0,085;0,531;1,448;""
2023,5;-75,5;0,021;1,030;0,335;""
2022,5;-74,5;0,079;0,562;1,233;""
2021,5;-73,5;0,042;0,850;0,268;""
2020,5;-72,5;0,224;;1,279;""
2019,5;-71,5;0,171;;3,872;""
2018,5;-70,5;0,194;0,574;0,297;""
2017,5;-69,5;0,353;0,423;0,679;""
2016,5;-68,5;0,145;0,198;0,024;""
2015,5;-67,5;0,128;;0,577;""
2014,5;-66,5;0,127;;0,948;""
2013,5;-65,5;0,089;0,105;0,798;""
2012,5;-64,5;0,090;0,037;0,797;""
2011,5;-63,5;0,180;;0,814;""
2010,5;-62,5;0,146;;0,456;""
2009,5;-61,5;0,128;;;""
2008,5;-60,5;0,215;0,047;0,065;""
2007,5;-59,5;0,653;;1,626;""
2006,5;-58,5;0,091;;4,543;""
2005,5;-57,5;0,173;0,578;1,619;""
2004,5;-56,5;0,403;;1,688;""
2003,5;-55,5;0,254;0,563;3,037;""
2002,5;-54,5;0,472;3,157;1,004;""
2001,5;-53,5;0,332;0,892;3,054;""
2000,5;-52,5;0,472;0,500;2,145;""
1999,5;-51,5;0,419;0,154;1,494;""
1998,5;-50,5;0,340;;0,640;""
1997,5;-49,5;0,221;1,876;1,130;""
1996,5;-48,5;0,202;0,284;1,520;""
1995,5;-47,5;0,289;2,010;0,896;""
1994,5;-46,5;0,218;1,879;0,895;""
1993,5;-45,5;0,309;0,536;1,651;""
1992,5;-44,5;0,308;0,269;2,347;""
1991,5;-43,5;0,239;;1,294;""
1990,5;-42,5;0,243;;0,966;""
1989,5;-41,5;0,184;;0,695;""
1988,5;-40,5;0,360;0,170;0,046;""
1987,5;-39,5;0,120;0,091;0,904;""
1986,5;-38,5;0,161;;1,817;""
1985,5;-37,5;0,265;4,151;0,657;""
1984,5;-36,5;0,184;4,993;1,254;""
1983,5;-35,5;0,149;;2,166;""
1982,5;-34,5;0,224;;1,449;""
1981,5;-33,5;0,172;0,030;0,860;""
1980,5;-32,5;0,182;0,438;0,268;""
1979,5;-31,5;0,151;0,452;0,550;""
1978,5;-30,5;0,104;0,011;0,415;""
1977,5;-29,5;0,219;0,308;;""
1976,5;-28,5;0,499;0,033;1,159;""
1975,5;-27,5;0,139;;0,961;""
1974,5;-26,5;0,275;0,598;1,017;""
1973,5;-25,5;0,212;0,335;0,381;""
1972,5;-24,5;0,117;0,363;0,016;""
1971,5;-23,5;0,259;0,895;1,582;""
1970,5;-22,5;0,221;1,031;2,609;""
1969,5;-21,5;0,121;0,528;0,898;""
1968,5;-20,5;0,104;0,284;0,580;""
1967,5;-19,5;0,062;0,098;0,868;""
1966,5;-18,5;0,225;0,353;1,082;""
1965,5;-17,5;0,124;0,449;1,712;""
1964,5;-16,5;0,117;0,359;;""
1963,5;-15,5;0,106;0,717;;""
1962,5;-14,5;0,177;0,699;2,006;""
1961,5;-13,5;0,347;0,914;0,116;""
1960,5;-12,5;0,465;1,803;0,979;""
1959,5;-11,5;0,370;1,651;2,273;""
1958,5;-10,5;0,191;1,149;3,702;""
1957,5;-9,5;0,261;1,693;5,061;""
1956,5;-8,5;0,386;2,175;1,903;""
1955,5;-7,5;1,322;1,372;2,176;""
1954,5;-6,5;0,289;3,502;4,060;""
1953,5;-5,5;0,422;2,339;4,516;""
1952,5;-4,5;0,419;2,902;3,954;""
1951,5;-3,5;0,402;1,708;3,377;""
1950,5;-2,5;0,402;2,716;4,198;""
1949,5;-1,5;0,426;2,509;2,990;""
1948,5;1,5;0,636;2,323;3,300;""
1947,5;2,5;0,231;6,039;3,208;""
1946,5;3,5;0,515;5,427;3,827;""
1945,5;4,5;0,720;1,196;5,866;""
1944,5;5,5;0,345;5,615;2,602;""
1943,5;6,5;0,880;4,160;3,080;""
1942,5;7,5;0,649;0,936;6,962;""
1941,5;8,5;0,567;0,699;18,287;""
1940,5;9,5;0,500;1,243;7,209;""
1939,5;10,5;0,450;1,262;2,589;""
1938,5;11,5;0,578;0,672;2,663;""
1937,5;12,5;0,452;3,837;3,622;""
1936,5;13,5;0,435;1,695;4,091;""
1935,5;14,5;0,331;1,250;5,121;""
1934,5;15,5;0,470;3,246;3,527;""
1933,5;16,5;0,641;2,307;2,784;""
1932,5;17,5;0,275;2,164;5,015;""
1931,5;18,5;0,731;2,384;8,027;""
1930,5;19,5;0,261;3,405;2,159;""
1929,5;20,5;0,332;3,185;2,452;""
1928,5;21,5;0,253;1,565;2,725;""
1927,5;22,5;0,194;1,481;4,729;""
1926,5;23,5;0,569;2,738;2,096;""
1925,5;24,5;0,495;2,019;1,302;""
1924,5;25,5;0,386;8,640;3,695;""
1923,5;26,5;0,413;1,942;3,791;""
1922,5;27,5;0,630;0,960;2,194;""
1921,5;28,5;1,218;1,062;4,828;""
1920,5;29,5;0,314;1,732;1,655;""
1919,5;30,5;0,263;1,139;1,542;""
1918,5;31,5;0,337;1,714;4,723;""
1917,5;32,5;0,398;0,518;1,181;""
1916,5;33,5;2,325;0,469;2,886;""
1915,5;34,5;1,189;1,762;2,474;""
1914,5;35,5;0,658;0,983;2,372;""
1913,5;36,5;0,463;0,884;4,548;""
1912,5;37,5;0,577;0,601;4,413;""
1911,5;38,5;0,438;0,589;1,670;""
1910,5;39,5;0,485;0,235;2,174;""
1909,5;40,5;1,256;0,503;5,003;""
1908,5;41,5;0,590;2,727;3,709;""
1907,5;42,5;0,253;1,499;0,979;""
1906,5;43,5;0,383;2,042;1,141;""
1905,5;44,5;0,621;3,161;2,387;""
1904,5;45,5;0,356;1,751;1,773;""
1903,5;46,5;0,622;2,132;1,155;""
1902,5;47,5;0,930;2,295;3,421;""
1901,5;48,5;0,222;0,818;1,038;""
1900,5;49,5;0,563;3,586;1,203;""
1899,5;50,5;0,328;2,672;2,709;""
1898,5;51,5;0,302;3,250;1,559;""
1897,5;52,5;0,309;3,422;4,134;""
1896,5;53,5;0,181;1,331;2,871;""
1895,5;54,5;0,150;1,466;4,007;""
1894,5;55,5;0,189;1,692;1,971;""
1893,5;56,5;0,265;0,972;1,074;""
1892,5;57,5;0,167;1,376;1,090;""
1891,5;58,5;0,340;3,340;5,096;""
1890,5;59,5;0,513;3,307;1,538;""
1889,5;60,5;0,208;2,972;1,179;""
1888,5;61,5;0,448;1,507;3,888;""
1887,5;62,5;1,089;4,937;4,892;""
1886,5;63,5;0,589;0,852;;""
1885,5;64,5;0,449;0,620;17,084;""
1884,5;65,5;1,252;2,689;9,516;""
1883,5;66,5;0,819;1,982;11,985;""
1882,5;67,5;0,456;2,661;3,723;""
1881,5;68,5;0,498;2,109;2,744;""
1880,5;69,5;0,178;1,120;1,332;""
1879,5;70,5;0,332;1,504;2,183;""
1878,5;71,5;0,357;1,999;2,743;""
1877,5;72,5;0,263;1,004;1,948;""
1876,5;73,5;0,554;4,857;5,388;""
1875,5;74,5;0,372;;2,547;""
1874,5;75,5;0,359;1,047;3,817;""
1873,5;76,5;0,381;1,515;2,173;""
1872,5;77,5;0,696;1,399;0,994;""
1871,5;78,5;0,373;1,522;2,931;""
1870,5;79,5;0,257;1,530;2,092;""
1869,5;80,5;0,299;1,653;1,065;""
1868,5;81,5;0,177;3,318;2,211;""
1867,5;82,5;0,148;2,604;1,810;""
1866,5;83,5;0,348;1,969;4,705;""
1865,5;84,5;0,283;1,618;1,879;""
1864,5;85,5;0,473;1,683;2,224;""
1863,5;86,5;0,611;1,197;1,808;""
1862,5;87,5;0,338;0,763;5,237;""
1861,5;88,5;0,113;1,641;3,225;""
1860,5;89,5;0,579;3,472;2,507;""
1859,5;90,5;0,501;1,067;9,363;""
1858,5;91,5;0,268;1,561;1,633;""
1857,5;92,5;0,343;4,114;1,430;""
1856,5;93,5;1,179;2,053;1,596;""
1855,5;94,5;0,179;1,407;9,391;""
1854,5;95,5;0,174;1,673;2,926;""
1853,5;96,5;0,041;5,396;1,180;""
1852,5;97,5;0,209;2,200;2,070;""
1851,5;98,5;0,699;0,831;1,070;""
1850,5;99,5;0,554;3,246;5,032;""
1849,5;100,5;0,476;2,358;2,044;""
1848,5;101,5;0,276;3,276;1,882;""
1847,5;102,5;0,530;4,752;2,143;""
1846,5;103,5;0,307;3,318;4,540;""
1845,5;104,5;0,628;1,312;4,152;""
1844,5;105,5;0,560;1,949;3,864;""
1843,5;106,5;0,503;0,863;2,884;""
1842,5;107,5;0,307;0,929;5,303;""
1841,5;108,5;1,766;3,169;2,211;""
1840,5;109,5;0,477;9,044;3,754;""
1839,5;110,5;0,597;3,900;2,709;""
1838,5;111,5;0,301;2,200;2,524;""
1837,5;112,5;0,319;2,079;9,758;""
1836,5;113,5;0,313;3,254;5,899;""
1835,5;114,5;0,159;2,446;1,641;""
1834,5;115,5;0,185;2,993;1,347;""
1833,5;116,5;0,328;0,835;1,621;""
1832,5;117,5;1,465;2,010;1,218;""
1831,5;118,5;0,195;1,168;1,696;""
1830,5;119,5;0,155;1,248;7,953;""
1829,5;120,5;0,335;1,701;2,306;""
1828,5;121,5;1,102;6,233;1,053;""
1827,5;122,5;0,436;2,476;2,829;""
1826,5;123,5;0,475;5,268;2,420;""
1825,5;124,5;0,692;5,840;1,886;""
1824,5;125,5;0,407;6,381;2,005;""
1823,5;126,5;0,340;3,998;1,527;""
1822,5;127,5;0,257;1,845;6,418;""
1821,5;128,5;0,362;3,966;0,472;""
1820,5;129,5;0,130;2,471;0,274;""
1819,5;130,5;0,289;1,377;0,440;""
1818,5;131,5;0,468;;4,050;""
1817,5;132,5;0,338;2,208;3,495;""
1816,5;133,5;0,485;0,490;2,758;""
1815,5;134,5;0,265;0,753;2,094;""
1814,5;135,5;0,873;3,811;6,145;""
1813,5;136,5;0,566;;3,166;""
1812,5;137,5;0,420;;1,935;""
1811,5;138,5;0,147;2,714;1,823;""
1810,5;139,5;0,292;2,525;1,631;""
1809,5;140,5;0,390;1,410;;""
1808,5;141,5;0,254;1,405;1,478;""
1807,5;142,5;0,293;0,227;1,205;""
1806,5;143,5;0,283;1,661;3,788;""
1805,5;144,5;0,741;2,457;3,254;""
1804,5;145,5;0,497;1,599;0,102;""
1803,5;146,5;0,243;1,497;3,040;""
1802,5;147,5;0,314;;2,299;""
1801,5;148,5;0,260;1,198;2,338;""
1800,5;149,5;0,542;0,870;2,537;""
1799,5;150,5;0,148;1,682;1,373;""
1798,5;151,5;0,243;1,443;1,419;""
1797,5;152,5;0,250;1,860;1,872;""
1796,5;153,5;0,289;0,420;2,643;""
1795,5;154,5;0,310;2,481;3,138;""
1794,5;155,5;0,347;2,984;2,732;""
1793,5;156,5;0,243;1,595;1,643;""
1792,5;157,5;0,310;4,513;1,986;""
1791,5;158,5;0,496;3,705;1,438;""
1790,5;159,5;0,301;3,436;2,062;""
1789,5;160,5;0,286;1,471;2,642;""
1788,5;161,5;0,405;2,084;0,963;""
1787,5;162,5;0,486;;2,625;""
1786,5;163,5;0,256;2,467;2,264;""
1785,5;164,5;0,303;1,674;2,269;""
1784,5;165,5;0,486;0,829;4,052;""
1783,5;166,5;0,284;0,945;0,606;""
1782,5;167,5;0,159;2,076;1,898;""
1781,5;168,5;0,162;0,462;2,245;""
1780,5;169,5;0,208;0,328;1,177;""
1779,5;170,5;0,216;0,373;1,276;""
1778,5;171,5;0,237;0,931;2,441;""
1777,5;172,5;0,272;2,658;4,033;""
1776,5;173,5;0,398;0,668;3,700;""
1775,5;174,5;0,355;0,964;0,253;""
1774,5;175,5;0,201;0,925;0,714;""
1773,5;176,5;0,091;0,755;;""
1772,5;177,5;0,141;1,201;1,071;""
1771,5;178,5;0,213;2,175;1,437;""
1770,5;179,5;0,176;0,672;1,052;""
1769,5;180,5;0,164;0,966;0,617;""
1768,5;181,5;0,167;0,405;;""
1767,5;182,5;0,183;1,462;;""
1766,5;183,5;0,143;1,065;0,345;""
1765,5;184,5;;0,585;1,130;""
1764,5;185,5;0,144;2,594;;""
1763,5;186,5;0,131;1,101;0,808;""
1762,5;187,5;0,351;2,007;0,236;""
1761,5;188,5;0,249;1,829;0,470;""
1760,5;189,5;0,112;1,091;0,673;""
1759,5;190,5;0,187;1,210;1,505;""
1758,5;191,5;0,432;0,477;0,869;""
1757,5;192,5;0,146;1,164;0,685;""
1756,5;193,5;0,162;1,730;0,424;""
1755,5;194,5;0,075;1,663;0,130;""
1754,5;195,5;0,166;0,349;0,194;""
1753,5;196,5;0,099;14,114;0,582;""
1752,5;197,5;0,099;21,973;0,516;""
1751,5;198,5;0,234;3,820;1,735;""
1750,5;199,5;0,115;;1,720;""
1749,5;200,5;0,223;;3,926;""
1748,5;201,5;0,260;;2,155;""
1747,5;202,5;0,210;1,568;0,647;""
1746,5;203,5;0,134;0,446;1,347;""
1745,5;204,5;0,337;;0,743;""
1744,5;205,5;0,373;0,283;1,144;""
1743,5;206,5;0,255;1,052;1,132;""
1742,5;207,5;0,119;1,210;0,236;""
1741,5;208,5;0,069;0,656;1,216;""
1740,5;209,5;0,115;0,926;0,710;""
1739,5;210,5;0,229;0,343;0,558;""
1738,5;211,5;0,162;0,381;1,450;""
1737,5;212,5;0,110;0,606;1,708;""
1736,5;213,5;0,097;0,698;1,764;""
1735,5;214,5;0,094;0,360;2,063;""
1734,5;215,5;0,118;1,318;0,458;""
1733,5;216,5;0,080;2,131;0,882;""
1732,5;217,5;0,184;0,300;1,897;""
1731,5;218,5;0,091;0,149;0,741;""
1730,5;219,5;0,066;0,287;0,139;""
1729,5;220,5;0,106;0,210;0,310;""
1728,5;221,5;0,165;0,467;0,464;""
1727,5;222,5;0,198;0,572;1,074;""
1726,5;223,5;0,077;0,542;0,469;""
1725,5;224,5;0,151;0,087;1,588;""
1724,5;225,5;0,287;0,138;1,879;""
1723,5;226,5;0,119;0,439;1,116;""
1722,5;227,5;0,190;0,118;1,246;""
1721,5;228,5;0,093;1,293;1,252;""
1720,5;229,5;0,244;0,717;0,792;""
1719,5;230,5;0,251;0,374;1,289;""
1718,5;231,5;0,134;;0,033;""
1717,5;232,5;0,107;0,484;0,365;""
1716,5;233,5;0,321;0,449;0,495;""
1715,5;234,5;0,267;0,552;1,061;""
1714,5;235,5;0,133;0,364;0,890;""
1713,5;236,5;0,113;1,127;1,027;""
1712,5;237,5;;0,217;2,223;""
1711,5;238,5;0,120;;2,505;""
1710,5;239,5;0,127;0,970;2,337;""
1709,5;240,5;0,084;0,488;0,849;""
1708,5;241,5;0,160;1,158;0,788;""
1707,5;242,5;0,181;0,286;;""
1706,5;243,5;0,211;0,308;;""
1705,5;244,5;0,137;0,571;0,320;""
1704,5;245,5;0,054;0,459;0,396;""
1703,5;246,5;0,075;0,162;0,726;""
1702,5;247,5;0,056;;0,344;""
1701,5;248,5;0,029;0,083;0,248;""
1700,5;249,5;0,120;;;""
1699,5;250,5;0,088;0,155;;""
1698,5;251,5;0,070;0,261;0,980;""
1697,5;252,5;0,172;0,373;0,923;""
1696,5;253,5;0,155;0,124;0,731;""
1695,5;254,5;0,213;;;""
1694,5;255,5;0,190;;0,631;""
1693,5;256,5;0,082;6,228;0,771;""
1692,5;257,5;0,107;6,217;1,906;""
1691,5;258,5;;1,587;2,009;""
1690,5;259,5;0,048;0,895;0,857;""
1689,5;260,5;0,059;;0,914;""
1688,5;261,5;0,064;0,907;0,355;""
1687,5;262,5;0,072;0,530;1,477;""
1686,5;263,5;0,182;0,160;1,595;""
1685,5;264,5;;0,821;1,263;""
1684,5;265,5;0,141;0,902;0,498;""
1683,5;266,5;0,073;0,654;2,006;""
1682,5;267,5;0,134;0,337;0,815;""
1681,5;268,5;0,055;0,815;0,573;""
1680,5;269,5;0,090;0,663;3,229;""
1679,5;270,5;0,035;1,573;0,771;""
1678,5;271,5;0,043;0,266;0,798;""
1677,5;272,5;0,197;;0,196;""
1676,5;273,5;0,194;0,611;0,667;""
1675,5;274,5;0,161;;0,877;""
1674,5;275,5;0,031;;0,810;""
1673,5;276,5;0,139;0,737;0,533;""
1672,5;277,5;0,146;0,487;0,982;""
1671,5;278,5;0,260;0,124;0,169;""
1670,5;279,5;0,138;0,959;0,148;""
1669,5;280,5;0,154;0,279;0,077;""
1668,5;281,5;0,142;0,528;0,385;""
1667,5;282,5;0,189;0,145;0,024;""
1666,5;283,5;0,235;0,071;0,410;""
1665,5;284,5;0,401;;1,815;""
1664,5;285,5;0,234;0,758;1,354;""
1663,5;286,5;0,288;0,013;0,451;""
1662,5;287,5;0,112;;;""
1661,5;288,5;0,080;;0,358;""
1660,5;289,5;0,112;0,026;0,863;""
1659,5;290,5;0,274;0,830;1,283;""
1658,5;291,5;0,108;0,690;1,105;""
1657,5;292,5;0,181;3,054;0,717;""
1656,5;293,5;0,101;0,148;0,970;""
1655,5;294,5;0,115;0,074;0,620;""
1654,5;295,5;0,064;0,126;0,824;""
1653,5;296,5;0,021;0,145;0,285;""
1652,5;297,5;0,058;7,877;0,987;""
1651,5;298,5;0,272;0,671;0,704;""
1650,5;299,5;0,087;;1,054;""
1649,5;300,5;0,095;;3,817;""
1648,5;301,5;0,150;;;""
1647,5;302,5;0,031;;;""
1646,5;303,5;0,115;1,473;0,563;""
1645,5;304,5;0,103;0,315;1,106;""
1644,5;305,5;0,129;0,308;0,605;""
1643,5;306,5;0,147;0,265;1,218;""
1642,5;307,5;0,123;0,300;0,256;""
1641,5;308,5;0,146;0,299;1,402;""
1640,5;309,5;0,220;0,832;0,724;""
1639,5;310,5;0,113;0,072;1,194;""
1638,5;311,5;0,049;1,260;0,793;""
1637,5;312,5;0,115;1,343;0,602;""
1636,5;313,5;0,134;0,499;0,552;""
1635,5;314,5;0,256;1,613;0,856;""
1634,5;315,5;0,173;0,990;1,025;""
1633,5;316,5;0,087;1,086;0,985;""
1632,5;317,5;0,176;0,916;0,955;""
1631,5;318,5;0,334;;0,406;""
1630,5;319,5;0,172;0,735;;""
1629,5;320,5;0,105;1,594;;""
1628,5;321,5;0,081;0,837;0,437;""
1627,5;322,5;0,017;0,510;0,650;""
1626,5;323,5;0,018;;0,409;""
1625,5;324,5;0,081;0,658;0,564;""
1624,5;325,5;0,183;0,617;0,880;""
1623,5;326,5;0,300;0,879;1,045;""
1622,5;327,5;0,254;1,060;0,738;""
1621,5;328,5;0,187;1,160;1,281;""
1620,5;329,5;0,154;1,039;1,418;""
1619,5;330,5;0,083;1,169;0,593;""
1618,5;331,5;0,126;0,705;0,646;""
1617,5;332,5;0,126;1,031;;""
1616,5;333,5;0,389;0,168;0,605;""
1615,5;334,5;0,284;2,121;1,568;""
1614,5;335,5;0,163;1,169;1,489;""
1613,5;336,5;0,044;0,217;0,385;""
1612,5;337,5;0,145;0,171;;""
1611,5;338,5;0,093;0,363;;""
1610,5;339,5;0,052;0,733;0,975;""
1609,5;340,5;0,439;1,385;1,153;""
1608,5;341,5;0,393;0,932;;""
1607,5;342,5;0,122;0,648;;""
1606,5;343,5;0,429;1,003;0,872;""
1605,5;344,5;0,135;1,926;1,918;""
1604,5;345,5;0,130;3,891;0,658;""
1603,5;346,5;0,143;2,934;;""
1602,5;347,5;0,126;0,981;1,593;""
1601,5;348,5;0,189;1,144;1,046;""
1600,5;349,5;0,175;1,791;0,876;""
1599,5;350,5;0,082;1,026;1,115;""
1598,5;351,5;0,148;1,147;1,748;""
1597,5;352,5;0,296;1,170;0,984;""
1596,5;353,5;0,363;1,940;0,990;""
1595,5;354,5;0,243;1,268;1,295;""
1594,5;355,5;0,191;2,189;0,961;""
1593,5;356,5;0,193;0,792;0,787;""
1592,5;357,5;0,189;0,406;0,557;""
1591,5;358,5;0,196;0,967;;""
1590,5;359,5;0,186;0,175;0,461;""
1589,5;360,5;0,201;;1,637;""
1588,5;361,5;0,168;13,224;0,496;""
1587,5;362,5;0,244;2,720;;""
1586,5;363,5;0,202;1,817;0,284;""
1585,5;364,5;0,219;2,152;1,018;""
1584,5;365,5;0,163;9,154;0,917;""
1583,5;366,5;0,283;1,866;0,955;""
1582,5;367,5;0,249;0,613;0,188;""
1581,5;368,5;0,093;0,918;0,515;""
1580,5;369,5;0,134;1,928;1,848;""
1579,5;370,5;0,079;0,618;0,181;""
1578,5;371,5;0,170;0,277;0,702;""
1577,5;372,5;0,112;8,473;0,868;""
1576,5;373,5;0,104;;1,982;""
1575,5;374,5;0,346;;0,213;""
1574,5;375,5;0,262;;0,951;""
1573,5;376,5;0,116;2,920;1,178;""
1572,5;377,5;0,184;0,977;0,467;""
1571,5;378,5;0,199;3,947;1,417;""
1570,5;379,5;0,237;1,051;0,807;""
1569,5;380,5;0,184;;1,045;""
1568,5;381,5;0,109;10,514;1,198;""
1567,5;382,5;0,156;3,686;0,643;""
1566,5;383,5;0,149;3,216;0,543;""
1565,5;384,5;0,156;1,051;0,573;""
1564,5;385,5;0,295;0,518;0,817;""
1563,5;386,5;0,129;0,638;0,557;""
1562,5;387,5;0,194;1,262;1,061;""
1561,5;388,5;0,353;1,349;1,095;""
1560,5;389,5;0,177;1,167;0,024;""
1559,5;390,5;0,156;2,994;0,264;""
1558,5;391,5;0,104;0,976;1,864;""
1557,5;392,5;0,271;0,483;0,850;""
1556,5;393,5;0,101;1,796;0,362;""
1555,5;394,5;0,047;5,109;0,271;""
1554,5;395,5;0,029;12,837;0,024;""
1553,5;396,5;0,213;6,395;0,507;""
1552,5;397,5;0,111;3,860;1,596;""
1551,5;398,5;0,143;1,706;0,247;""
1550,5;399,5;0,246;1,617;1,520;""
1549,5;400,5;0,178;;0,850;""
1548,5;401,5;0,269;;1,007;""
1547,5;402,5;0,231;1,060;1,455;""
1546,5;403,5;0,123;1,264;2,815;""
1545,5;404,5;0,108;1,173;0,550;""
1544,5;405,5;0,189;;0,593;""
1543,5;406,5;0,173;;0,409;""
1542,5;407,5;0,042;1,531;2,278;""
1541,5;408,5;0,136;0,371;1,781;""
1540,5;409,5;0,167;0,558;0,209;""
1539,5;410,5;0,095;0,399;0,903;""
1538,5;411,5;0,144;0,193;0,311;""
1537,5;412,5;0,137;0,082;0,736;""
1536,5;413,5;0,058;0,673;0,128;""
1535,5;414,5;0,194;0,032;;""
1534,5;415,5;0,124;0,252;1,432;""
1533,5;416,5;0,064;0,299;0,644;""
1532,5;417,5;0,044;;0,024;""
1531,5;418,5;0,163;0,103;0,024;""
1530,5;419,5;0,135;;0,033;""
1529,5;420,5;0,183;;;""
1528,5;421,5;0,056;0,203;0,325;""
1527,5;422,5;0,043;0,410;0,600;""
1526,5;423,5;0,247;0,102;0,608;""
1525,5;424,5;0,115;;0,350;""
1524,5;425,5;0,239;0,117;0,589;""
1523,5;426,5;0,437;0,333;0,426;""
1522,5;427,5;0,094;0,046;0,052;""
1521,5;428,5;0,062;1,096;0,435;""
1520,5;429,5;0,040;1,306;0,847;""
1519,5;430,5;0,064;1,401;0,395;""
1518,5;431,5;0,163;0,921;0,024;""
1517,5;432,5;0,136;0,924;0,024;""
1516,5;433,5;0,225;0,439;0,808;""
1515,5;434,5;0,039;0,038;0,785;""
1514,5;435,5;0,083;0,047;0,104;""
1513,5;436,5;0,173;0,330;0,293;""
1512,5;437,5;0,198;0,273;0,321;""
1511,5;438,5;0,176;0,328;1,675;""
1510,5;439,5;0,083;0,492;0,950;""
1509,5;440,5;0,091;0,658;1,211;""
1508,5;441,5;0,060;1,522;1,472;""
1507,5;442,5;0,175;0,231;0,643;""
1506,5;443,5;0,186;0,008;0,840;""
1505,5;444,5;0,051;1,094;0,603;""
1504,5;445,5;0,108;0,247;0,527;""
1503,5;446,5;0,097;0,404;0,392;""
1502,5;447,5;0,078;1,778;0,395;""
1501,5;448,5;0,148;1,757;0,024;""
1500,5;449,5;0,080;0,333;0,255;""
1499,5;450,5;0,124;0,157;;""
1498,5;451,5;0,118;1,744;0,145;""
1497,5;452,5;0,277;0,068;0,418;""
1496,5;453,5;0,149;0,463;0,139;""
1495,5;454,5;0,104;3,565;0,559;""
1494,5;455,5;0,012;2,897;;""
1493,5;456,5;0,047;1,674;0,347;""
1492,5;457,5;0,086;0,022;;""
1491,5;458,5;0,070;0,343;;""
1490,5;459,5;0,016;0,660;;""
1489,5;460,5;0,090;1,042;;""
1488,5;461,5;0,107;0,330;0,190;""
1487,5;462,5;0,241;;;""
1486,5;463,5;0,193;0,218;0,211;""
1485,5;464,5;0,166;0,744;0,259;""
1484,5;465,5;0,178;;0,725;""
1483,5;466,5;0,027;0,298;0,063;""
1482,5;467,5;0,193;0,116;;""
1481,5;468,5;0,246;0,064;0,450;""
1480,5;469,5;0,130;0,122;;""
1479,5;470,5;0,066;;0,946;""
1478,5;471,5;0,058;;0,841;""
1477,5;472,5;0,116;0,185;1,033;""
1476,5;473,5;0,150;0,548;;""
1475,5;474,5;0,276;0,257;0,075;""
1474,5;475,5;0,057;;0,759;""
1473,5;476,5;0,017;1,932;0,861;""
1472,5;477,5;0,089;0,560;1,237;""
1471,5;478,5;0,144;0,198;0,788;""
1470,5;479,5;0,108;0,249;0,510;""
1469,5;480,5;0,095;0,021;1,054;""
1468,5;481,5;0,082;0,253;1,210;""
1467,5;482,5;0,090;0,194;0,827;""
1466,5;483,5;0,103;;0,865;""
1465,5;484,5;0,017;0,226;;""
1464,5;485,5;0,039;0,181;;""
1463,5;486,5;;0,129;;""
1462,5;487,5;0,010;0,770;0,734;""
1461,5;488,5;0,034;;0,444;""
1460,5;489,5;0,054;0,258;0,942;""
1459,5;490,5;0,148;0,046;0,560;""
1458,5;491,5;0,149;0,194;0,408;""
1457,5;492,5;0,070;;0,600;""
1456,5;493,5;0,048;0,112;0,334;""
1455,5;494,5;0,054;;;""
1454,5;495,5;0,120;;0,192;""
1453,5;496,5;0,058;1,427;0,245;""
1452,5;497,5;0,116;;;""
1451,5;498,5;0,201;0,445;;""
1450,5;499,5;0,115;0,720;;""
1449,5;500,5;0,089;1,132;;""
1448,5;501,5;0,190;0,125;0,203;""
1447,5;502,5;0,110;;0,328;""
1446,5;503,5;0,084;0,149;;""
1445,5;504,5;0,063;1,081;0,152;""
1444,5;505,5;0,188;2,397;0,235;""
1443,5;506,5;0,075;0,390;0,254;""
1442,5;507,5;0,254;;0,277;""
1441,5;508,5;0,241;1,219;0,818;""
1440,5;509,5;0,193;0,136;0,390;""
1439,5;510,5;0,114;0,933;0,696;""
1438,5;511,5;0,120;0,333;1,257;""
1437,5;512,5;0,144;0,623;1,432;""
1436,5;513,5;0,250;0,721;1,638;""
1435,5;514,5;0,108;0,132;0,967;""
1434,5;515,5;0,040;0,461;1,429;""
1433,5;516,5;0,180;0,963;0,635;""
1432,5;517,5;0,102;2,042;;""
1431,5;518,5;0,037;0,581;0,937;""
1430,5;519,5;0,122;0,137;0,745;""
1429,5;520,5;0,329;0,866;0,220;""
1428,5;521,5;0,414;0,159;0,567;""
1427,5;522,5;0,116;;1,176;""
1426,5;523,5;0,106;0,109;1,625;""
1425,5;524,5;0,110;1,078;0,024;""
1424,5;525,5;0,111;0,117;0,475;""
1423,5;526,5;0,122;0,971;0,831;""
1422,5;527,5;0,126;0,145;0,271;""
1421,5;528,5;0,047;0,089;0,621;""
1420,5;529,5;0,120;;0,532;""
1419,5;530,5;;0,491;0,644;""
1418,5;531,5;0,054;0,997;0,428;""
1417,5;532,5;0,102;0,879;1,456;""
1416,5;533,5;0,164;3,837;0,532;""
1415,5;534,5;0,103;0,897;0,567;""
1414,5;535,5;0,383;0,820;0,488;""
1413,5;536,5;0,133;0,191;0,704;""
1412,5;537,5;0,093;0,613;0,345;""
1411,5;538,5;0,093;0,695;0,151;""
1410,5;539,5;0,170;0,441;0,779;""
1409,5;540,5;0,202;2,185;0,254;""
1408,5;541,5;0,249;1,801;0,329;""
1407,5;542,5;0,299;1,925;0,350;""
1406,5;543,5;0,255;0,497;;""
1405,5;544,5;0,199;0,286;1,309;""
1404,5;545,5;0,170;1,771;0,286;""
1403,5;546,5;0,058;0,202;0,320;""
1402,5;547,5;0,102;1,944;0,322;""
1401,5;548,5;0,261;1,213;0,472;""
1400,5;549,5;0,349;1,314;0,248;""
1399,5;550,5;0,082;0,664;1,319;""
1398,5;551,5;0,128;0,779;0,528;""
1397,5;552,5;0,169;0,922;0,627;""
1396,5;553,5;0,212;0,489;0,682;""
1395,5;554,5;0,159;0,263;0,247;""
1394,5;555,5;0,209;0,088;0,713;""
1393,5;556,5;0,132;0,562;0,670;""
1392,5;557,5;0,104;;0,752;""
1391,5;558,5;0,287;0,479;1,014;""
1390,5;559,5;0,179;0,294;;""
1389,5;560,5;0,107;0,401;;""
1388,5;561,5;0,051;;0,461;""
1387,5;562,5;0,190;0,582;0,459;""
1386,5;563,5;0,237;0,840;0,320;""
1385,5;564,5;0,037;0,133;1,362;""
1384,5;565,5;0,207;0,721;1,505;""
1383,5;566,5;0,152;0,404;2,519;""
1382,5;567,5;0,088;;0,024;""
1381,5;568,5;0,231;0,810;0,024;""
1380,5;569,5;0,141;0,012;0,024;""
1379,5;570,5;0,042;0,228;0,024;""
1378,5;571,5;0,074;0,078;0,655;""
1377,5;572,5;0,098;0,783;;""
1376,5;573,5;0,131;;0,799;""
1375,5;574,5;0,250;;0,621;""
1374,5;575,5;0,076;7,836;0,219;""
1373,5;576,5;0,201;5,769;0,485;""
1372,5;577,5;0,111;0,246;0,923;""
1371,5;578,5;0,118;0,548;;""
1370,5;579,5;0,193;0,081;0,472;""
1369,5;580,5;0,153;0,252;0,895;""
1368,5;581,5;0,179;;0,518;""
1367,5;582,5;0,062;;0,751;""
1366,5;583,5;0,079;1,633;0,100;""
1365,5;584,5;0,181;;0,472;""
1364,5;585,5;0,125;0,349;0,263;""
1363,5;586,5;0,184;0,224;0,174;""
1362,5;587,5;0,211;;0,208;""
1361,5;588,5;0,250;;0,129;""
1360,5;589,5;0,170;;0,836;""
1359,5;590,5;0,145;;0,776;""
1358,5;591,5;0,231;0,221;0,277;""
1357,5;592,5;0,279;0,372;1,295;""
1356,5;593,5;0,166;;2,432;""
1355,5;594,5;0,309;1,339;3,083;""
1354,5;595,5;0,164;0,891;0,306;""
1353,5;596,5;0,116;0,434;2,481;""
1352,5;597,5;0,272;0,368;0,874;""
1351,5;598,5;0,102;0,108;0,226;""
1350,5;599,5;0,070;0,315;0,881;""
1349,5;600,5;0,172;0,167;0,524;""
